lumbung membersartists,size,invited by / invited as part of
"""+140 Studierense""",1,ZK/U – Center for Art and Urbanistics
*foundation­Class*­collective,1,ruanrupa
*foundationClass*collective,1,Sourabh Phadke
32º East | Ugandan Arts Trust (Kampala),1,Arts Collaboratory
Abdelhamid Mansouri,1,Siwa plateforme - L'Economat at Redeyef
Abdellah Hassak,1,LE 18
Abdelwahab Zoabi,1,The Question of Funding
Abdi Hussien Ibrahim,1,Komîna Fîlm a Rojava
Abdoulaye Camara,1,Fondation Festival sur le Niger
Abdoulaye Konaté,1,Fondation Festival sur le Niger
Abdul Dube,1,ruanrupa
Abdur Rab,1,Britto Arts Trust
Abhinit Khanna,1,Party Office b2b Fadescha
Abiodun AKANDA,1,Another Roadmap Africa Cluster (ARAC)
Abiye Okujagu,1,*foundation­Class*­collective
Ada M. Patterson,1,Alice Yard
Ada Navarro,1,Party Office b2b Fadescha
Ádám Kokesch,1,OFF-Biennale Budapest
Adama Keïta,1,Fondation Festival sur le Niger
ADANYAH,1,Jatiwangi art Factory
Adele Jarrar,1,The Question of Funding
Adhir Das,1,Britto Arts Trust
Adji Utomo,1,Agus Nur Amal PMTOH
Adji Utomo,1,Agus Nur Amal PMTOH
Adriana Benjamin,1,Atis Rezistans | Ghetto Biennale
After Party Collective,1,Party Office b2b Fadescha
Agathon Kakusa,1,Centre d’art Waza
Ágnes Sorossy,1,Graziela Kunsch
Agung ‘Abul’,1,Agus Nur Amal PMTOH
Agung M. Abul,1,Agus Nur Amal PMTOH
Agus Nur Amal PMTOH,1,ruanrupa
Ahmad al-Khalil,1,yasmine eid-sabbagh
Ahmad sujai,1,Agus Nur Amal PMTOH
Ahmad Sujai,1,Jatiwangi art Factory
Ahmad Thian Fultan,1,Jatiwangi art Factory
Ahmed Bennys,1,LE 18
Ahmed Bouanani,1,LE 18
Ahmed Boughaba,1,LE 18
Ahmed El-Faour,1,yasmine eid-sabbagh
Aicha Mansouri,1,Siwa plateforme - L'Economat at Redeyef
Aïda Adilbek,1,Saodat Ismailova
Aida Ashall,1,Project Art Works
Ailie Rutherford,1,Más Arte Más Acción
Aji S Dharan,1,Amol K Patil
Ajit Hajong,1,Britto Arts Trust
Ajith A S,1,Amol K Patil
Akef Darawsheh,1,The Question of Funding
Aki Hassan,1,Nino Bulling
Akin Adesokan,1,Chimurenga
Akira Okura,1,Cinema Caravan and Takashi Kuribayashi
Al Wali,1,ZK/U – Center for Art and Urbanistics
Al-Ma’mal (Jerusalem),1,Arts Collaboratory
Alan Michaelson,1,Richard Bell
Aldino,1,Agus Nur Amal PMTOH
Aldino,1,Agus Nur Amal PMTOH
Aldino,1,Agus Nur Amal PMTOH
Aldizar Ahmad Ghifari,1,Agus Nur Amal PMTOH
Aldizar Ahmad Ghifhary,1,Jatiwangi art Factory
Alejandra Rojas,1,Más Arte Más Acción
Alejandro Castillejo,1,Más Arte Más Acción
Alessandra Marino Al-Mishlab,1,Jimmie Durham & A Stick in the Forest by the Side of the Road
Alethea Beetson,1,Richard Bell
Alex Viteri Arturo,1,Fehras Publishing Practices
Alexa Kreissl,1,ZK/U – Center for Art and Urbanistics
Alexander Römer,1,ZK/U – Center for Art and Urbanistics
Alexander Supartono,1,Taring Padi
Alexis Teyie,1,Wajukuu Art Project
Alfiza Nur Aisyah Irmanda,1,Jatiwangi art Factory
Alfred Banze,1,Baan Noorg Collaborative Arts and Culture
Ali Akbar Mehta,1,Party Office b2b Fadescha
Ali al-Ali,1,yasmine eid-sabbagh
Ali Dhahri,1,Siwa plateforme - L'Economat at Redeyef
Ali Essafi,1,LE 18
Ali Eyal,1,Sada [regroup]
Ali Kaaf,1,*foundation­Class*­collective
Ali Shneina (Abu Jum’a),1,Jumana Emil Abboud
Alia Ardon,1,Safdar Ahmed
Alice Yard,1,ruanrupa
Aline Schwörer,1,ZK/U – Center for Art and Urbanistics
Aline Schwörer,1,ZK/U – Center for Art and Urbanistics
Alioucha Tazi,1,LE 18
Alison Turnbull,1,Más Arte Más Acción
Allies for the Uncertain Futures,1,Party Office b2b Fadescha
Alma Noxa,1,Agus Nur Amal PMTOH
Alma Noxa,1,Jatiwangi art Factory
Almu,1,ook_ [reinaart vanhoe
Alok Raj Bongshi,1,Britto Arts Trust
Alvaro Fierro,1,INLAND
Amaichata Salamata,1,Fondation Festival sur le Niger
Amal Hajjaj,1,Jumana Emil Abboud
Amanda Hernandez,1,Alice Yard
Amani Dagher,1,Marwa Arsanios
Amany Kattom,1,Jumana Emil Abboud
Amany Khalifa,1,The Question of Funding
Amine Lahrach,1,LE 18
Aminta D’Cardenas,1,Instituto de Artivismo Hannah Arendt
Amol K Patil,1,ruanrupa
Amrish Kondurkar,1,Party Office b2b Fadescha
Amy Fenton,1,Project Art Works
Ana Carolina Fernández Alonso,1,Serigrafistas queer
Ana Garzón,1,Más Arte Más Acción
Ana Maria Vallejo,1,ook_ [reinaart vanhoe
Ana Merliana,1,Jatiwangi art Factory
Ana Vera,1,ook_ [reinaart vanhoe
Anaeli Ibarra,1,Instituto de Artivismo Hannah Arendt
Anahí Rayen Mariluán,1,La Intermundial Holobiente
András Bognár,1,OFF-Biennale Budapest
Andre Eugene,1,Atis Rezistans | Ghetto Biennale
Andrea Chudack,1,ZK/U – Center for Art and Urbanistics
Andrea Goetzke,1,ZK/U – Center for Art and Urbanistics
Andrea THAL,1,Another Roadmap Africa Cluster (ARAC)
Andrés Torres,1,Más Arte Más Acción
Andrés Veléz,1,Más Arte Más Acción
Andrew Cooper,1,Project Art Works
Andzar Agung Fauzan,1,Jatiwangi art Factory
Ang Choulean,1,Sa Sa Art Projects
Angéla Kóczé,1,OFF-Biennale Budapest
Angeliki Diakrousi,1,ook_ [reinaart vanhoe
Ani,1,Agus Nur Amal PMTOH
Animes Roy,1,Britto Arts Trust
Anisuzzaman Faroque,1,Britto Arts Trust
Anjali Rani Barman,1,Britto Arts Trust
Anna Lujza Szász,1,OFF-Biennale Budapest
Anna Sherbany,1,Jumana Emil Abboud
Anna Tje,1,Party Office b2b Fadescha
Anne Jacobi,1,Sourabh Phadke
Annie Rose Waller,1,Project Art Works
Annis Joslin,1,Project Art Works
Another Roadmap Africa Cluster (ARAC),1,ruanrupa
Ansgar Lorenz,1,Nino Bulling
Antonio Sequeira Lopes,1,Jimmie Durham & A Stick in the Forest by the Side of the Road
Anwar Al Atrash,1,*foundation­Class*­collective
Anzar “Aaf” Agung Fauzan,1,Agus Nur Amal PMTOH
Aoe Tanami,1,Subversive Film
Apichatpong Weerasethakul,1,Más Arte Más Acción
Arab Theatre Studio,1,Gudskul
Araby Yakoub Ibrahim,1,ook_ [reinaart vanhoe
Arafat Sadallah,1,Siwa plateforme - L'Economat at Redeyef
Arahmaiani,1,Asia Art Archive
"Architecture Uncomfortable Workshop (Dénes Emil Ghyczy, Lukács Szederkényi)",1,OFF-Biennale Budapest
Archives Bouanani Collective,1,LE 18
Archives des luttes des femmes en Algérie,1,ruanrupa
Aref Torkaman (RIP),1,*foundation­Class*­collective
Ariane Andereggen,1,Más Arte Más Acción
Arianne Kamsteeg,1,Más Arte Más Acción
Arie “ABG”,1,Agus Nur Amal PMTOH
Arie Syariefudin,1,Jatiwangi art Factory
Arie Syarifudin (Al Ghorie),1,Agus Nur Amal PMTOH
Arief Atto,1,Agus Nur Amal PMTOH
Arief Yudi Rahman,1,Agus Nur Amal PMTOH
Arief Yudi Rahman,1,Jatiwangi art Factory
Arine Aprahamian,1,The Question of Funding
Aris Prabawa,1,Taring Padi
Ariswandi,1,Jatiwangi art Factory
Arpita Singha Lopa,1,Britto Arts Trust
Art Group 705 (Bischkek),1,Arts Collaboratory
Arti Hajong,1,Britto Arts Trust
Arts Collaboratory,1,ruanrupa
Arts Taste Curiocity (at&c Nairobi),1,Wajukuu Art Project
Aru,1,Party Office b2b Fadescha
Arved Schultze,1,ZK/U – Center for Art and Urbanistics
Ary “Jimged” Sendy,1,Agus Nur Amal PMTOH
Ashik Chandra Barman,1,Britto Arts Trust
Ashim Das,1,Britto Arts Trust
Ashim Halder,1,Britto Arts Trust
Ashkal Alwan (Beirut),1,Arts Collaboratory
Ashley Thompson,1,Sa Sa Art Projects
Asia Art Archive,1,Gudskul
Asia Art Archive,1,ruanrupa
Assia Djebar,1,LE 18
Assimwe Apollo,1,Wakaliga Uganda
Atef Maatallah,1,Siwa plateforme - L'Economat at Redeyef
Ateliê Arte Educação e Movimento (Suzana Macedo Soares),1,Graziela Kunsch
Ateliê Carambola,1,Graziela Kunsch
Ateliê Vivo (Andrea Guerra),1,Graziela Kunsch
Atis Rezistans | Ghetto Biennale,1,ruanrupa
Ato Moiloa,1,MADEYOULOOK
Attaher Maiga,1,Fondation Festival sur le Niger
Audi George Bajalia,1,LE 18
Aum,1,Party Office b2b Fadescha
Aung Ko,1,Asia Art Archive
Aung Ko,1,Sa Sa Art Projects
Awa Diarra,1,Fondation Festival sur le Niger
AWAL,1,LE 18
Awel Haouati,1,Archives des luttes des femmes en Algérie
Awika Samukrsaman,1,Baan Noorg Collaborative Arts and Culture
Ayami Awazuhara,1,Jimmie Durham & A Stick in the Forest by the Side of the Road
Ayesha Keshani,1,Nhà Sàn Collective
Ayo ADEWUNMI,1,Another Roadmap Africa Cluster (ARAC)
Ayoub Yacoub,1,Jumana Emil Abboud
Ayşe Dorak,1,Pınar Ögrenci
Aziz Aissaoui,1,El Warcha
Aziz Romdhani,1,El Warcha
Aziza Pulatova,1,Saodat Ismailova
Azizee Fawmi Khan,1,Britto Arts Trust
Ba Bau Air,1,Gudskul
Baan Noorg Collaborative Arts and Culture,1,ruanrupa
Babita Rani Barman,1,Britto Arts Trust
Bahar,1,Agus Nur Amal PMTOH
Baker Sharqawi,1,Subversive Film
Baldwin Maslim,1,Sourabh Phadke
Barbara Lackner,1,Graziela Kunsch
Barrack Rima,1,Nino Bulling
Barylo William,1,Hamja Ahsan
Basel Nasr,1,The Question of Funding
Basma Rkioui,1,LE 18
Bassim Al Shaker,1,Sada [regroup]
Bastian Hagedorn,1,Atis Rezistans | Ghetto Biennale
Basu Malakar,1,Britto Arts Trust
Batoul Sedawi,1,*foundation­Class*­collective
Bayu Edmanda,1,Agus Nur Amal PMTOH
Bayu Widodo,1,Taring Padi
Bea Kittelmann,1,Nino Bulling
Becki Waweru,1,Wajukuu Art Project
Bedwyr Williams,1,INLAND
Ben Pelé,1,yasmine eid-sabbagh
Benazir Ibraimova,1,Saodat Ismailova
Bening,1,Jatiwangi art Factory
Benjamin Deist,1,Erick Beltrán
Benjamin Menzel,1,ZK/U – Center for Art and Urbanistics
Benjamin Perrot,1,El Warcha
Benjamin Verhoeven,1,LE 18
Benji Hart,1,Party Office b2b Fadescha
Bernd Busse,1,Graziela Kunsch
Bernd Schulz,1,ZK/U – Center for Art and Urbanistics
Bhim Hajong,1,Britto Arts Trust
Bianca Van Rooi,1,Chimurenga
Bickrom Rema,1,Britto Arts Trust
Bijonti Mree,1,Britto Arts Trust
Bilal Hibri,1,Subversive Film
Bilge Emir,1,Nino Bulling
Bilge Emir,1,Nino Bulling
Bill Nguyễn,1,Nhà Sàn Collective
Binjuli Hajong,1,Britto Arts Trust
Binoy Hajong,1,Britto Arts Trust
Bipin Das,1,Britto Arts Trust
Biplob Chandra Barman,1,Britto Arts Trust
Bipul Jangcham,1,Britto Arts Trust
Bisaso Dauda,1,Wakaliga Uganda
Bishkek School of Contemporary Art,1,Gudskul
Bishwarup Das,1,Britto Arts Trust
Biswajit Das,1,Britto Arts Trust
Biswajit Hajong,1,Britto Arts Trust
Bithi Hajong,1,Britto Arts Trust
Bithul Chicham,1,Britto Arts Trust
Black Quantum Futurism,1,ruanrupa
Blackink Films,1,Wajukuu Art Project
blaxTARLINES KUMASI,1,Gudskul
Blüchergarten,1,ZK/U – Center for Art and Urbanistics
Blue Curry,1,Alice Yard
Boaz Murinzi,1,*foundation­Class*­collective
Bodil Furu,1,Centre d’art Waza
Bogani Kona,1,Chimurenga
Bogi Rani Barman,1,Britto Arts Trust
Boidya Chandra Barman,1,Britto Arts Trust
BOLOHO,1,ruanrupa
Bondona Hajong,1,Britto Arts Trust
Bopik,1,Agus Nur Amal PMTOH
Bora Yediel,1,*foundation­Class*­collective
Borbála Szalai,1,OFF-Biennale Budapest
Bourama Diarra,1,Fondation Festival sur le Niger
Bram Goots,1,Centre d’art Waza
Braumanufaktur Steckenpferd,1,ZK/U – Center for Art and Urbanistics
Bréhima Coulibaly,1,Fondation Festival sur le Niger
Brian Elstak,1,The Black Archives
Britto Arts Trust,1,ruanrupa
Bruce Cayonne,1,Alice Yard
Bruno Oliveira,1,Graziela Kunsch
BUBU刘嘉雯,1,BOLOHO
Budhi Prakoso,1,Taring Padi
Budi “Bungen” Mulia,1,Agus Nur Amal PMTOH
Budi “Bungen” Mulia,1,Agus Nur Amal PMTOH
Budi Setiawan,1,Agus Nur Amal PMTOH
Bullivant Cerie,1,Hamja Ahsan
Bunga Siagian,1,Agus Nur Amal PMTOH
Bunga Siagian,1,Jatiwangi art Factory
by MAP Markus Ambach Projekte,1,ZK/U – Center for Art and Urbanistics
c1,1,Party Office b2b Fadescha
Cẩm-Anh Lương,1,*foundation­Class*­collective
Camila Lobon,1,Instituto de Artivismo Hannah Arendt
Camile Chedda,1,Atis Rezistans | Ghetto Biennale
Camilo Vega Vega,1,ook_ [reinaart vanhoe
Can Yalçınkaya,1,Safdar Ahmed
Canaan Mazar’a (Abu Ibrahim),1,Jumana Emil Abboud
Cao Minghao & Chen Jianjun,1,ruanrupa
Caravane Tighmert,1,LE 18
Carima Neusser,1,Atis Rezistans | Ghetto Biennale
Carl Lumholtz,1,INLAND
Carl Sexton,1,Project Art Works
"Carl-Schomburg-Schule, Kassel",1,ook_ [reinaart vanhoe
Carla Grunauer,1,La Intermundial Holobiente
Carlos Cárdenas Cárdenas,1,Instituto de Artivismo Hannah Arendt
Carlos Perez Marin,1,LE 18
Carlota Mir,1,Trampoline House
Carmen Orofino,1,Graziela Kunsch
Carmenza Rojas Potes,1,Más Arte Más Acción
Carolin Angulo Hammes,1,ook_ [reinaart vanhoe
Carolina Rincón,1,Más Arte Más Acción
Carolyn Amora Bosco,1,*foundation­Class*­collective
Carsten Nicolai,1,Sa Sa Art Projects
Casa do Povo,1,Graziela Kunsch
Casa Tres Patios (Medellín),1,Arts Collaboratory
Casco Art Institute: Working for the Commons (Utrecht),1,Arts Collaboratory
Casey Asprooth Jackson,1,Subversive Film
Cass’Mosha Amoroso-Centeno,1,Alice Yard
CAT 黄婉珊,1,BOLOHO
Catalina Fernandez,1,Fehras Publishing Practices
Catherina Barich,1,Atis Rezistans | Ghetto Biennale
Cecile Mwepu,1,Centre d’art Waza
Cécile Perrot,1,Fehras Publishing Practices
Cecilia Campos,1,Serigrafistas queer
Cecilia Vallejos,1,Erick Beltrán
Cédrick NZOLO,1,Another Roadmap Africa Cluster (ARAC)
Ceija Stojka,1,OFF-Biennale Budapest
Cem A.,1,ruanrupa
"Center for contemporary culture, Dnipro",1,ZK/U – Center for Art and Urbanistics
Centre d’art Waza,1,ruanrupa
Centre d’art Waza (Lubumbashi),1,Arts Collaboratory
Centre Soleil d’Afrique (Bamako),1,Arts Collaboratory
Chadrack KAKULE,1,Another Roadmap Africa Cluster (ARAC)
Chadrack Kakule,1,Centre d’art Waza
Chahela Hajong,1,Britto Arts Trust
Chang En-Man,1,ruanrupa
Chantal Bouw,1,Chimurenga
Chanveasna Chum,1,Sa Sa Art Projects
Charles Muthumbi Githinji,1,Wajukuu Art Project
Charlie Thomas,1,Project Art Works
Charline Tsidie Tezangue,1,Fehras Publishing Practices
Charlotte Hanlon,1,Project Art Works
Charlotte Stephens,1,Project Art Works
Cheick Amadou Tidiane Seck,1,Fondation Festival sur le Niger
Cheick Oumar Sissoko,1,Fondation Festival sur le Niger
Chemssedine Zitouni,1,Siwa plateforme - L'Economat at Redeyef
Chen Yaxiu 陈亚秀,1,BOLOHO
Chenfeizi Chen,1,Sourabh Phadke
Chi Xinan,1,Cao Minghao & Chen Jianjun
Chia Wei Hsu,1,Baan Noorg Collaborative Arts and Culture
Chimurenga,1,ruanrupa
Chiny Udeani,1,Nino Bulling
Chiraz Guellela,1,El Warcha
Cho Jieun,1,ikkibawiKrrr
Chris,1,Instituto de Artivismo Hannah Arendt
Chriss Kabongo,1,Centre d’art Waza
Christa UWASE,1,Another Roadmap Africa Cluster (ARAC)
Christelle NTANGA,1,Another Roadmap Africa Cluster (ARAC)
Christelle Ntanga,1,Centre d’art Waza
Christian Huebler,1,Más Arte Más Acción
Christian NYAMPETA,1,Another Roadmap Africa Cluster (ARAC)
Christian Nyampeta,1,Centre d’art Waza
Christian Reber,1,ook_ [reinaart vanhoe
Christina Ecknigk,1,Jimmie Durham & A Stick in the Forest by the Side of the Road
Christine Falk,1,Baan Noorg Collaborative Arts and Culture
Christine Seefried,1,Sourabh Phadke
Christoph Plutte 柯冥,1,BOLOHO
Christopher Cozier,1,Alice Yard
Christopher Tite,1,Project Art Works
Cinema Caravan and Takashi Kuribayashi,1,ruanrupa
Claire Matthews,1,Project Art Works
Claudia Fontes,1,La Intermundial Holobiente
Claudia Howald,1,Más Arte Más Acción
Claudia Patricia Olivera,1,Instituto de Artivismo Hannah Arendt
Co-rd Ltd.,1,Alice Yard
Coco Rufer,1,ook_ [reinaart vanhoe
Coconote studio,1,Wakaliga Uganda
Collective of collectives based in Kassel,1,The Question of Funding
Connor Ashley,1,Project Art Works
Cooperativa Cráter Invertido (Mexico Stadt),1,Arts Collaboratory
Cooperativa Emprendedoras Sin Fronteras,1,Graziela Kunsch
Coranza de Robota,1,Party Office b2b Fadescha
Corinne Wiss,1,LE 18
Cornelia Herfurtner,1,Fehras Publishing Practices
Cristina Cochior,1,ook_ [reinaart vanhoe
Dadang Sugiyarto,1,Agus Nur Amal PMTOH
Dady de Maximo Mwicira-Mitali,1,Trampoline House
Dalia Velandia,1,ook_ [reinaart vanhoe
Damian Le Bas,1,OFF-Biennale Budapest
Damien Kahambwe,1,Centre d’art Waza
Dan Perjovschi,1,ruanrupa
Dana Iskakova,1,Saodat Ismailova
Đặng Thuỳ Anh,1,Nhà Sàn Collective
Dangchanok Pongdam,1,Baan Noorg Collaborative Arts and Culture
Daniel Aguilar Ruvalcaba,1,The Question of Funding
Daniel Baker,1,OFF-Biennale Budapest
Daniel Baker,1,OFF-Biennale Budapest
Daniel Ondieki,1,Wajukuu Art Project
Daniel Seiple,1,ZK/U – Center for Art and Urbanistics
Daniela Medina-Poch,1,ZK/U – Center for Art and Urbanistics
Daniella Fitria Praptono,1,Sourabh Phadke
Danijela Pivašević-Tenner,1,ZK/U – Center for Art and Urbanistics
Danijela Pivašević-Tenner,1,ZK/U – Center for Art and Urbanistics
Danna Masad,1,Jumana Emil Abboud
Danuraga Sastraining,1,Cinema Caravan and Takashi Kuribayashi
Dara Kong,1,Sa Sa Art Projects
DARB 1718 (Kairo),1,Arts Collaboratory
Daria Kim,1,Saodat Ismailova
Daria Nurtaza,1,Saodat Ismailova
Darryl Spencer,1,Project Art Works
Darto,1,Jatiwangi art Factory
Das Rollschuhmagazin,1,Amol K Patil
Đạt Vũ,1,Nhà Sàn Collective
Dauti Kahora,1,Wajukuu Art Project
Dave Fernando,1,Richard Bell
David ANDREW,1,Another Roadmap Africa Cluster (ARAC)
David Geall,1,Project Art Works
David Loesche,1,Sourabh Phadke
David Paredes,1,Más Arte Más Acción
David Suárez,1,Más Arte Más Acción
David Zabel,1,Sourabh Phadke
Dawud Nadeem,1,Hamja Ahsan
Deborah Manavi – Partizipative Tanzforschung zum Common Ground,1,ook_ [reinaart vanhoe
Deborah Salles,1,Graziela Kunsch
Dedeh Marwiah,1,Agus Nur Amal PMTOH
Deden Imanudin,1,Agus Nur Amal PMTOH
Deden Imanudin,1,Jatiwangi art Factory
Deden Sambas,1,Jatiwangi art Factory
Demar Brackenridge,1,Atis Rezistans | Ghetto Biennale
Denise Maheho,1,Centre d’art Waza
Dhomas Yudhistira Sugijanto,1,Taring Padi
Dhrubo Jyoti,1,Party Office b2b Fadescha
Diah Mardiah,1,Agus Nur Amal PMTOH
Diakonisches Werk Region Kassel,1,ook_ [reinaart vanhoe
Dian,1,Agus Nur Amal PMTOH
Diana Cantarey,1,The Question of Funding
Diana Rakhmanova,1,Saodat Ismailova
Diana U,1,Saodat Ismailova
Didare İşleyen,1,Pınar Ögrenci
Diego Aretz,1,Más Arte Más Acción
Digi Youth Arts,1,Richard Bell
Dika,1,Agus Nur Amal PMTOH
Dilda Ramazan,1,Saodat Ismailova
DINA,1,Party Office b2b Fadescha
Dina Darabos,1,OFF-Biennale Budapest
Dina Matter,1,The Question of Funding
Dina Mimi,1,Sourabh Phadke
Đinh Nhung (Vagina Talks / A Queer Museum),1,Nhà Sàn Collective
Đinh Thảo Linh (ba-bau AIR),1,Nhà Sàn Collective
Dion Downes,1,Project Art Works
Dion Rosina,1,The Black Archives
Dipaly Hajong,1,Britto Arts Trust
Dipaly Rani Barman,1,Britto Arts Trust
Divine Impact Church of God,1,ook_ [reinaart vanhoe
Djoulaye Samuel Coulibaly,1,Fondation Festival sur le Niger
Đỗ Thanh Lãng,1,Nhà Sàn Collective
Đỗ Văn Hoàng,1,Nhà Sàn Collective
Dodi Irwandi,1,Taring Padi
DOEN Foundation (Amsterdam),1,Arts Collaboratory
Doğru Şükrü,1,*foundation­Class*­collective
Doha Film Institute,1,Subversive Film
Dominika Szabó,1,OFF-Biennale Budapest
Don Catchlove,1,Subversive Film
Donata Clemens,1,ook_ [reinaart vanhoe
Doni Busatwego,1,Agus Nur Amal PMTOH
Doni Busatwego,1,Agus Nur Amal PMTOH
Doual’Art (Douala),1,Arts Collaboratory
Dr. Joanna Doummar,1,Marwa Arsanios
Dron Hajong,1,Britto Arts Trust
DualForces Los Angeles,1,Atis Rezistans | Ghetto Biennale
Dương Thanh Quang,1,Nhà Sàn Collective
Dwi “Ube” Wicaksono Suryasumirat,1,Agus Nur Amal PMTOH
East Europe Biennial Alliance,1,OFF-Biennale Budapest
Ecosimple,1,Graziela Kunsch
Ed Hichens,1,Fehras Publishing Practices
Eden Kötting,1,Project Art Works
Edible City (Maximilian Mechsner),1,OFF-Biennale Budapest
Edouard Duval-Carrie,1,Atis Rezistans | Ghetto Biennale
Eduardo Barrera Arambarri,1,Erick Beltrán
Eikou Haraguchi,1,Cinema Caravan and Takashi Kuribayashi
Eisuke Ogawa,1,Cinema Caravan and Takashi Kuribayashi
Ekstrak Kolektif,1,Gudskul
El Gea,1,Agus Nur Amal PMTOH
El Warcha,1,Gudskul
El Warcha,1,ruanrupa
Elaine W. Ho 何颖雅,1,BOLOHO
Elettra Bisogno,1,Subversive Film
Elgea Nur Balzarie,1,Jatiwangi art Factory
Elisa Zorzi,1,LE 18
Elisée Sangare,1,Fondation Festival sur le Niger
Elizabeth Gallón,1,Más Arte Más Acción
Elizabeth Woodroffe,1,Atis Rezistans | Ghetto Biennale
Elke Avenarius,1,Graziela Kunsch
Elke Charlotte Avenarius,1,Sourabh Phadke
Elkin Calderón,1,Más Arte Más Acción
Elsa,1,Agus Nur Amal PMTOH
Elvyn Kompi,1,Sourabh Phadke
Elyssia Wilson Heti,1,FAFSWAG
Ema Nokrek,1,Britto Arts Trust
Eman Kurdiman,1,Jatiwangi art Factory
Emdadul Hoque Topu,1,Britto Arts Trust
Emily Kofsky,1,ZK/U – Center for Art and Urbanistics
Emma WOLUKAU-WANAMBWA,1,Another Roadmap Africa Cluster (ARAC)
Emmaus Kimani,1,Wajukuu Art Project
Emran Sohel,1,Britto Arts Trust
Enjen,1,Agus Nur Amal PMTOH
Enrique González,1,Más Arte Más Acción
Erdem Şentürk,1,Fehras Publishing Practices
Eren Selin Akosman-Yildiz,1,Fehras Publishing Practices
ERIAC – European Roma Institute for Arts and Culture,1,OFF-Biennale Budapest
Eric Gitonga Mong’orion,1,Wajukuu Art Project
Erica Bohm,1,La Intermundial Holobiente
Erick Beltrán,1,ruanrupa
Ericka Flórez,1,Más Arte Más Acción
Erna Von Der Walde,1,Más Arte Más Acción
Eros,1,Agus Nur Amal PMTOH
Erwan Dambrine,1,Fehras Publishing Practices
Essbare Stadt,1,Gudskul
Essbare Stadt,1,ZK/U – Center for Art and Urbanistics
"Essbare Stadt e.V.,",1,ook_ [reinaart vanhoe
Estefanía,1,ook_ [reinaart vanhoe
Esther Springett,1,Project Art Works
Eszter György,1,OFF-Biennale Budapest
Eszter Lázár,1,OFF-Biennale Budapest
Eszter Szakács,1,OFF-Biennale Budapest
Ethel Brooks,1,OFF-Biennale Budapest
Eugene Andre,1,Sourabh Phadke
Eugénie Goldstern,1,INLAND
Ev. Hoffnungskirchengemeinde,1,ook_ [reinaart vanhoe
Eva Gräbeldinger,1,Nino Bulling
Eva Koťátková,1,OFF-Biennale Budapest
Eva La Cour,1,Jimmie Durham & A Stick in the Forest by the Side of the Road
Eva Müller,1,Nino Bulling
Evel Romain,1,Atis Rezistans | Ghetto Biennale
Eyad Houssami,1,Fehras Publishing Practices
Fabricio Remigio,1,Graziela Kunsch
Fadi Abu Nemeh,1,Subversive Film
Fadi Aljabour,1,*foundation­Class*­collective
Fadwa Merkhan,1,Fehras Publishing Practices
Fadya Salfiti,1,The Question of Funding
FAFSWAG,1,ruanrupa
Fakhri El Ghazel,1,Siwa plateforme - L'Economat at Redeyef
Falencie Filipo,1,FAFSWAG
Familienbildungsstätte Sternschnuppe,1,ook_ [reinaart vanhoe
Families of Mamlouk and Mohamad,1,Marwa Arsanios
FAN Xiao,1,Cao Minghao & Chen Jianjun
Fangqiang Huang,1,Sourabh Phadke
Fani,1,Jatiwangi art Factory
Farah Fayyad,1,The Question of Funding
Farah Naz Moon,1,Britto Arts Trust
Fareha Zeba,1,Britto Arts Trust
Farhana Ferdausi,1,Britto Arts Trust
Farid Yahyaoui,1,Siwa plateforme - L'Economat at Redeyef
Farida Benlyazid,1,LE 18
Farida Miñnullina,1,Jimmie Durham & A Stick in the Forest by the Side of the Road
Faris,1,Agus Nur Amal PMTOH
Fathan Mubin,1,Agus Nur Amal PMTOH
Fatima Machouch,1,Siwa plateforme - L'Economat at Redeyef
Fatmeh Soleiman,1,yasmine eid-sabbagh
Fatoumata Tioye Coulibaly,1,Fondation Festival sur le Niger
Fausto Moreno,1,Más Arte Más Acción
Fayrouz Sharqawi,1,The Question of Funding
Fedaa Sultan,1,Wajukuu Art Project
Fedaa Sultan,1,ZK/U – Center for Art and Urbanistics
Fedaa Sultan (from Oct. 2020–Dec. 2021),1,Trampoline House
Fehras Publishing Practices,1,ruanrupa
Feinmechanik,1,Gudskul
Felix Knauf,1,Jimmie Durham & A Stick in the Forest by the Side of the Road
Feng Er 冯洱,1,BOLOHO
Feng Weijing 冯伟敬,1,BOLOHO
Fernando Arias,1,Más Arte Más Acción
Fernando Moro,1,INLAND
Feza Kayungu,1,Centre d’art Waza
Firas Hamdan,1,LE 18
Fitriani Dwi Kurniasih,1,Taring Padi
Flávia Lobo de Felício,1,Graziela Kunsch
Flinh,1,Nhà Sàn Collective
Floating Project,1,Gudskul
Flora Saß,1,ook_ [reinaart vanhoe
Flöra Zhabbarova,1,Jimmie Durham & A Stick in the Forest by the Side of the Road
Florian Cramer,1,ook_ [reinaart vanhoe
Florian Dietrich,1,ZK/U – Center for Art and Urbanistics
Folke Köbberling,1,ZK/U – Center for Art and Urbanistics
Fondation Festival sur le Niger,1,ruanrupa
Franca Brockmann,1,Erick Beltrán
Francesca Masoero,1,LE 18
Francisca Lima,1,Graziela Kunsch
Francois Tanguy,1,Siwa plateforme - L'Economat at Redeyef
Frank Jimin Hopp,1,ZK/U – Center for Art and Urbanistics
Frank Jimin Hopp,1,ZK/U – Center for Art and Urbanistics
Franz de Hamilton,1,INLAND
Frederick Becker,1,ZK/U – Center for Art and Urbanistics
Freshia Njeri,1,Wajukuu Art Project
Friederike Spieker,1,ook_ [reinaart vanhoe
Friedrich Carl von Uckro von Uckro,1,ook_ [reinaart vanhoe
Gabriela Cabezón Cámara,1,La Intermundial Holobiente
Gabriela Cherubini,1,Graziela Kunsch
Gabriela Feruglio,1,Graziela Kunsch
Gabriella Rapisarda,1,Project Art Works
Game Department Kunsthochschule Kassel,1,Gudskul
Gaoussou Diao,1,Fondation Festival sur le Niger
"Garazh 127, Kharkiv",1,ZK/U – Center for Art and Urbanistics
Gary Foley,1,Richard Bell
Gautam Chandra Barman,1,Britto Arts Trust
Geeta Rani Barman,1,Britto Arts Trust
Gemma Evans,1,Project Art Works
GemüseSelbstErnte am Waldauer Fußweg,1,ZK/U – Center for Art and Urbanistics
Gen Nagashima,1,Cinema Caravan and Takashi Kuribayashi
Gent and GEM Kab Concordia,1,Subversive Film
Georg Scherlin,1,ZK/U – Center for Art and Urbanistics
George Smith,1,Project Art Works
Georgie Scott,1,Project Art Works
Gergely Laszlo,1,ZK/U – Center for Art and Urbanistics
Gesyada Siregar,1,Agus Nur Amal PMTOH
Getot,1,Jatiwangi art Factory
Ghaleb Shaath,1,Subversive Film
Gilang Pramuditha,1,Jatiwangi art Factory
Ginggi Syarief Hasyim,1,Jatiwangi art Factory
Ginggi Syarif Hasyim,1,Agus Nur Amal PMTOH
Giulia Grechi,1,Jimmie Durham & A Stick in the Forest by the Side of the Road
Gob Squad Arts Collective,1,ZK/U – Center for Art and Urbanistics
Goethegymnasium,1,ook_ [reinaart vanhoe
Gölnara Mikhalina,1,Jimmie Durham & A Stick in the Forest by the Side of the Road
Gopal Chandra Das,1,Britto Arts Trust
Gozde Filinta,1,Sourabh Phadke
Grace Banu,1,Party Office b2b Fadescha
Graciela Carnevale,1,La Intermundial Holobiente
Graeme Arendse,1,Chimurenga
Grafis Huru Hara,1,Gudskul
Graziela Kunsch,1,ruanrupa
Gregorio Gómez,1,Más Arte Más Acción
Greistina Kusumaningrum,1,Agus Nur Amal PMTOH
Greistina Kusumaningrum,1,Agus Nur Amal PMTOH
Greistina Kusumaningrum,1,Agus Nur Amal PMTOH
Gretell Domenech,1,Instituto de Artivismo Hannah Arendt
Grocco,1,LE 18
Guadalupe Lucero,1,La Intermundial Holobiente
Guadalupe Miles,1,La Intermundial Holobiente
Guanting Chen,1,Sourabh Phadke
Gud RnD,1,Gudskul
Gudskul,1,ruanrupa
Guellord Mbolela,1,Centre d’art Waza
Guilherme Teixeira,1,Graziela Kunsch
Guillermina Mongan,1,Serigrafistas queer
Gustavo Ibarra,1,La Intermundial Holobiente
Gwladys Gambie,1,Alice Yard
Gyeol Ko,1,ikkibawiKrrr
Hadeel Badarni,1,The Question of Funding
Hadeel Yaqoub,1,The Question of Funding
Hadia Gana,1,LE 18
Hady Suharyadi,1,Agus Nur Amal PMTOH
Hagen Verlerger,1,Fehras Publishing Practices
Hai REN,1,Cao Minghao & Chen Jianjun
Haifa Zalatimo,1,Jumana Emil Abboud
Hajnalka Somogyi,1,OFF-Biennale Budapest
Hajo Toppius,1,ZK/U – Center for Art and Urbanistics
Hamada El-Joumaa,1,yasmine eid-sabbagh
Hamja Ahsan,1,ruanrupa
Hamlet Lavastida Lavastida,1,Instituto de Artivismo Hannah Arendt
Hamo Mahmoud,1,Komîna Fîlm a Rojava
Hamouda Jarrar,1,Siwa plateforme - L'Economat at Redeyef
Hamada El-Joumaa,1,Yasmine Eid-Sabbagh
Hamza Azeroual,1,LE 18
Han Fang Wang,1,Chang En-Man
Hana Copic,1,Fehras Publishing Practices
Hanif Pappu,1,Britto Arts Trust
Hannah Koerner,1,ook_ [reinaart vanhoe
Hannan El Mikdam-Lasslop,1,ook_ [reinaart vanhoe
Harriet Nakasujja,1,Wakaliga Uganda
Harry Sachs,1,ZK/U – Center for Art and Urbanistics
Hasan Çakır,1,*foundation­Class*­collective
Hassan Aji,1,ZK/U – Center for Art and Urbanistics
Hassan Zahredddine,1,The Question of Funding
Hatef Soltani,1,*foundation­Class*­collective
Hatem Imam,1,The Question of Funding
Hatsuyo Kato,1,Subversive Film
Haytham Zakaria,1,Siwa plateforme - L'Economat at Redeyef
Haythem Ben Bousaha,1,Siwa plateforme - L'Economat at Redeyef
He Cong 贺聪,1,BOLOHO
He Xiting 何惜婷,1,BOLOHO
He Yanfei 贺燕霏,1,BOLOHO
Hector (Chino) Soria,1,La Intermundial Holobiente
Heidi Erickson,1,Fehras Publishing Practices
Helen Carlton,1,Project Art Works
Helen Pritchard,1,Nhà Sàn Collective
Helene Grøn,1,Trampoline House
Helmi Mbarki,1,Siwa plateforme - L'Economat at Redeyef
Henrike Naumann,1,Atis Rezistans | Ghetto Biennale
Herold Pierre Louis,1,Atis Rezistans | Ghetto Biennale
Hestu Nugroho,1,Taring Padi
Hicham Bouzid,1,LE 18
Hinde Shero,1,Komîna Fîlm a Rojava
Hiru Chandra Barman,1,Britto Arts Trust
Hlasane Rangoato,1,Keleketla! Library
Hōhua Ropate Kurene,1,FAFSWAG
Holli Macnamara,1,Project Art Works
Hortencio Palacios,1,Más Arte Más Acción
Houcine Chraiti,1,Siwa plateforme - L'Economat at Redeyef
Houcine Ezzedini,1,Siwa plateforme - L'Economat at Redeyef
Huangbian Station Contemporary Art Research Center站,1,BOLOHO
Hüseyin Çakır,1,*foundation­Class*­collective
Hussam Ghosheh,1,The Question of Funding
Hussein Nassereddine,1,The Question of Funding
Hysteria,1,Gudskul
Ibrahim Owais,1,The Question of Funding
Ibrahima Wane,1,Fondation Festival sur le Niger
Ibu Darmini,1,Agus Nur Amal PMTOH
Ibu Nia Mardiyani,1,Agus Nur Amal PMTOH
Iin,1,Agus Nur Amal PMTOH
IIunga Kangalele Richard,1,Centre d’art Waza
Ika Yuliana,1,Jatiwangi art Factory
ikkibawiKrrr,1,ruanrupa
Ilalio Loau,1,FAFSWAG
Ilknur Kocer,1,Nino Bulling
Illa Syukrila,1,Jatiwangi art Factory
Illa Syukrillah Syarif,1,Agus Nur Amal PMTOH
Ilona Németh,1,OFF-Biennale Budapest
Iman Hammouri,1,The Question of Funding
Imane Zoubi,1,LE 18
Imen Smaoui,1,Siwa plateforme - L'Economat at Redeyef
Imran Hossain,1,Britto Arts Trust
India O’Sullivan,1,Project Art Works
Indriatma Sitorus,1,Agus Nur Amal PMTOH
Infazio,1,Gudskul
Ingo Nitsche,1,ook_ [reinaart vanhoe
Ingrid Bleynat,1,La Intermundial Holobiente
Inin Nastain,1,Jatiwangi art Factory
INLAND,1,ruanrupa
Institut Sozialwesen der Universität Kassel,1,ook_ [reinaart vanhoe
Instituto de Artivismo Hannah Arendt,1,ruanrupa
Intizor Otaniyozova,1,Saodat Ismailova
Iris Kensmil,1,The Black Archives
Iris Stricker Amleh,1,Jimmie Durham & A Stick in the Forest by the Side of the Road
Isaac Godfrey Geoffrey Nabwana,1,Wakaliga Uganda
Isabel Mendoza,1,La Intermundial Holobiente
Ishraq Awashra,1,Jumana Emil Abboud
Islamisches Zentrum Kassel,1,ook_ [reinaart vanhoe
Ismail Shammout,1,Subversive Film
Ismal Muntaha,1,Agus Nur Amal PMTOH
Ismal Muntaha,1,Jatiwangi art Factory
Issa Freij,1,Jumana Emil Abboud
Issa Freij,1,Sourabh Phadke
Iswanto Hartono,1,Sourabh Phadke
Iwanami Productions,1,Subversive Film
J.P. Waithera,1,The Nest Collective
Jaakko Pallasvuo,1,INLAND
Jaasir Linger,1,The Black Archives
Jack Goldsmith,1,Project Art Works
Jack Madvo,1,Subversive Film
Jakkai Siributr,1,Sa Sa Art Projects
Jakob Gebert,1,Sourabh Phadke
Jamac – Jardim Miriam Arte Clube (Beatriz Tone),1,Graziela Kunsch
James Waititi,1,FAFSWAG
Jamie Maxtone Graham,1,Nguyen Trinh Thi
Jan Barner,1,ZK/U – Center for Art and Urbanistics
Jan Körbes,1,ZK/U – Center for Art and Urbanistics
Jan van Esch,1,ZK/U – Center for Art and Urbanistics
Jan Wortmann,1,ook_ [reinaart vanhoe
Jana Faßbender,1,ook_ [reinaart vanhoe
János Balázs,1,OFF-Biennale Budapest
Jasmine Infiniti,1,Party Office b2b Fadescha
Jatiwangi art Factory,1,ruanrupa
Jazgul Madazimova,1,Saodat Ismailova
Jean Claude Mangomba,1,Trampoline House
Jean Claude Saintilus,1,Atis Rezistans | Ghetto Biennale
Jean Jonas Labaze,1,Atis Rezistans | Ghetto Biennale
Jean KAMBA,1,Another Roadmap Africa Cluster (ARAC)
Jean Louis Huhta,1,Atis Rezistans | Ghetto Biennale
Jean Michel Diaz,1,Siwa plateforme - L'Economat at Redeyef
Jean Muller Milord,1,Atis Rezistans | Ghetto Biennale
Jean Pierre Han,1,Siwa plateforme - L'Economat at Redeyef
Jean Robert Palenquet,1,Atis Rezistans | Ghetto Biennale
Jean-Guy Mbopey,1,Centre d’art Waza
Jeanne IIunga,1,Centre d’art Waza
Jens Redemann,1,ook_ [reinaart vanhoe
Jeny Ruram,1,Britto Arts Trust
Jermaine Dean,1,FAFSWAG
Jerry Reginald Chery,1,Atis Rezistans | Ghetto Biennale
Jessica Courtney Bennett,1,Project Art Works
Jessica de Abreu,1,The Black Archives
Jewel A Rob,1,Britto Arts Trust
Jhon Esteban Lasso,1,Más Arte Más Acción
Jhulon Das,1,Britto Arts Trust
Jhuma Hajong,1,Britto Arts Trust
Jianjun Chen,1,Cao Minghao & Chen Jianjun
Jiaqi Hou,1,Nino Bulling
Jiban Chandra Das,1,Britto Arts Trust
Jim Chuchu,1,The Nest Collective
Jim Cranmer,1,Subversive Film
Jimmie Durham & A Stick in the Forest by the Side of the Road,1,ruanrupa
Jinnatun Jannat,1,Britto Arts Trust
Jiradej Meemalai,1,Baan Noorg Collaborative Arts and Culture
Jitu Hajong,1,Britto Arts Trust
JJ Adibrata,1,Agus Nur Amal PMTOH
Jo Goldman,1,Project Art Works
Jo Rüßmann,1,Nino Bulling
Joachim Hamou,1,Trampoline House
Joao Orecchia,1,MADEYOULOOK
Jocelyne Reich-Soufflet,1,Jimmie Durham & A Stick in the Forest by the Side of the Road
Joep Van Lieshout,1,Más Arte Más Acción
Joey Cannizzaro,1,Party Office b2b Fadescha
Johani,1,Agus Nur Amal PMTOH
Johann Melchior Roos,1,INLAND
John Cussans,1,Atis Rezistans | Ghetto Biennale
Johnny Caroll Pell,1,Project Art Works
Jonas Hohmann,1,Sourabh Phadke
Jonathan Colin,1,Más Arte Más Acción
Jonathan den Breejen,1,Jimmie Durham & A Stick in the Forest by the Side of the Road
Jontu Hajong,1,Britto Arts Trust
Jörg Ruckel,1,Jimmie Durham & A Stick in the Forest by the Side of the Road
José Fernando Serrano,1,Más Arte Más Acción
José Ortiz Echagüe,1,INLAND
Josef Ng,1,Asia Art Archive
Josefina Dux,1,ook_ [reinaart vanhoe
Joseph Kai,1,Nino Bulling
Joseph Kasau,1,Centre d’art Waza
Joseph Mothupi,1,MADEYOULOOK
Joseph Ndung’u,1,Wajukuu Art Project
Joseph Waweru,1,Wajukuu Art Project
Josephinex Hansis,1,ZK/U – Center for Art and Urbanistics
Josh Milani,1,Richard Bell
Josh 小乔,1,BOLOHO
Josiane Pareja,1,Graziela Kunsch
Josphat Kimathi,1,Wajukuu Art Project
Juan Casillas,1,INLAND
Juan Mendoza,1,La Intermundial Holobiente
Jubaraj Das,1,Britto Arts Trust
Judith Leijdekkers,1,ook_ [reinaart vanhoe
Jufi Iqbal (Suara Djaya),1,Agus Nur Amal PMTOH
Jugendarbeit Wesertor der Stadt Kassel,1,ook_ [reinaart vanhoe
Jul Gordon,1,Nino Bulling
Julia Kopylova,1,ook_ [reinaart vanhoe
Julian Abraham,1,The Question of Funding
Julian Brimmers,1,Fehras Publishing Practices
Julian Riezky,1,Agus Nur Amal PMTOH
Juliana Huxtable,1,Party Office b2b Fadescha
Juliana Rabelo,1,Instituto de Artivismo Hannah Arendt
Jumana Emil Abboud,1,Jumana Emil Abboud
Jumana Emil Abboud,1,LE 18
Jumana Emil Abboud,1,ruanrupa
Jumana Emil Abboud,1,Sourabh Phadke
Jungwon Kim,1,ikkibawiKrrr
Jyoti Bhatt,1,Asia Art Archive
Jyotsna Siddharth,1,Party Office b2b Fadescha
K.G. Subramanyan,1,Asia Art Archive
K&K Stauden,1,OFF-Biennale Budapest
Kabala Mwana Mbuyi Adamo,1,Centre d’art Waza
Kabulo Kazadi Richard,1,Centre d’art Waza
Kalifa Dembélé,1,Fondation Festival sur le Niger
Karin Boenninger,1,Sourabh Phadke
Karin Mecozzi,1,Jimmie Durham & A Stick in the Forest by the Side of the Road
Karina Angulo,1,Más Arte Más Acción
Karina Mendoza,1,La Intermundial Holobiente
Karissya,1,Jatiwangi art Factory
Karissya,1,Jatiwangi art Factory
Karla Sachse,1,Asia Art Archive
Karna Sobahi,1,Jatiwangi art Factory
Karyn Olivier,1,Alice Yard
Kasekende Mustafa,1,Wakaliga Uganda
KASK School of the Arts,1,Subversive Film
Kassel Kunsthochschule’s Performance and Multidisciplinary Class in collaboration with Class for Performance and Time Based Media from the Berlin University of the Arts,1,ook_ [reinaart vanhoe
"Kassel University (Prof. Dr.-Ing. Stefan Körner, Dr.-Ing. Florian Bellin-Harder)",1,OFF-Biennale Budapest
Katalin Székely,1,OFF-Biennale Budapest
Katarina Šević,1,OFF-Biennale Budapest
Kate Adams,1,Project Art Works
Katelyn Alexis,1,Atis Rezistans | Ghetto Biennale
Katharina Kersten,1,*foundation­Class*­collective
Katharina Koch,1,Jimmie Durham & A Stick in the Forest by the Side of the Road
Katharina Laura Kunz,1,ZK/U – Center for Art and Urbanistics
Katharina Stadler,1,Erick Beltrán
Kathrin Wildner,1,Más Arte Más Acción
Kathryn Weir,1,Cao Minghao & Chen Jianjun
Katie Taylor,1,Project Art Works
Katja Lonzeck – textile design,1,Nino Bulling
Katrin Ebersohn,1,Marwa Arsanios
Katunda Abdul Wahab,1,Wakaliga Uganda
Kazadi Kapenda Richard,1,Centre d’art Waza
Kazem Kazemi,1,Safdar Ahmed
Kazi Sydul Karim,1,Britto Arts Trust
Kazibwe Ronald,1,Wakaliga Uganda
Kazuaki Komiya,1,Cinema Caravan and Takashi Kuribayashi
Keita Yamada,1,Cinema Caravan and Takashi Kuribayashi
Keleketla! Library,1,ruanrupa
Kër Thiossane (Dakar),1,Arts Collaboratory
Ketut Aminudin,1,Jatiwangi art Factory
KGV Schwanenwiese,1,ZK/U – Center for Art and Urbanistics
Khabia Areg,1,Britto Arts Trust
Khadija El Abyad,1,LE 18
Khadyg Fares,1,Graziela Kunsch
Khalat Khalaf Khalil,1,ook_ [reinaart vanhoe
Khaled Mzher,1,*foundation­Class*­collective
Khaled Siddik,1,Subversive Film
Khalid Albaih,1,Trampoline House
Khamree Mree,1,Britto Arts Trust
Khawla Khalaf,1,yasmine eid-sabbagh
Khushi Kabir,1,Britto Arts Trust
Khvay Samnang,1,Sa Sa Art Projects
Kian Dayani,1,Safdar Ahmed
Kiki Permana,1,Agus Nur Amal PMTOH
Kiki Rasmadi,1,Jatiwangi art Factory
Kimani Kinyanjui,1,Wajukuu Art Project
Kinkinella,1,Party Office b2b Fadescha
Kiosko Galería (Santa Cruz de la Sierra),1,Arts Collaboratory
Kiri Dalena,1,ruanrupa
Kita Sonnenhang,1,ook_ [reinaart vanhoe
Kitchen BXL,1,Subversive Film
Kitto Derrick WINTERGREEN,1,Another Roadmap Africa Cluster (ARAC)
Kizito Isaac Newton,1,Wakaliga Uganda
Klara Adam,1,ZK/U – Center for Art and Urbanistics
Kleine Entdecker Kinderkrippe,1,Graziela Kunsch
Knowbotiq,1,Más Arte Más Acción
Ko Siu Lan,1,Asia Art Archive
Kokomoo Spielsachen,1,Graziela Kunsch
Komîna Fîlm a Rojava,1,ruanrupa
Konchok Palsang,1,Cao Minghao & Chen Jianjun
Krishan Rajapakshe,1,*foundation­Class*­collective
Kristina Miller,1,ZK/U – Center for Art and Urbanistics
Kristine Khouri,1,Subversive Film
Kriston Chen,1,Alice Yard
Krittaporn Mahaweerarat,1,Baan Noorg Collaborative Arts and Culture
Kulturzentrum Schlachthof gGmbH,1,ook_ [reinaart vanhoe
Kumar Misal,1,Amol K Patil
KUNCI Study Forum & Collective (Yogyakarta),1,Arts Collaboratory
Kundan Shanbhag,1,Amol K Patil
Kurt Hollander,1,Más Arte Más Acción
Kwan Florence 关心芙,1,BOLOHO
La Intermundial Holobiente,1,ruanrupa
La Mai,1,Nhà Sàn Collective
"LABAK (Michal Marcinov, Katarína Stanislavová) Marián Ravasz",1,OFF-Biennale Budapest
"Laboratory of Culture, Czernivtsi",1,ZK/U – Center for Art and Urbanistics
Lại Diệu Hà,1,Nhà Sàn Collective
Laid Bouoni,1,Siwa plateforme - L'Economat at Redeyef
Laila Hida,1,LE 18
Lakshmi Devi,1,Britto Arts Trust
Lama Khatib,1,Jumana Emil Abboud
LAMINE Diarra,1,Fondation Festival sur le Niger
Lan Nguyen,1,Fehras Publishing Practices
Lara Khaldi,1,Sourabh Phadke
Lara Khaldi,1,The Question of Funding
Larissa Bender,1,The Question of Funding
Larissa Meneghini,1,Graziela Kunsch
Larry English,1,Jimmie Durham & A Stick in the Forest by the Side of the Road
Lars Straehler-Pohl,1,ZK/U – Center for Art and Urbanistics
LASA,1,INLAND
Lassad Beldi,1,Siwa plateforme - L'Economat at Redeyef
Lassina Koné,1,Fondation Festival sur le Niger
Laura Burns,1,Nhà Sàn Collective
Laura Heyman,1,Atis Rezistans | Ghetto Biennale
Laura Ning,1,Cao Minghao & Chen Jianjun
Laurence Chable,1,Siwa plateforme - L'Economat at Redeyef
Lawan Jirasuradej,1,Asia Art Archive
Lawrence (Shabu) Mwangi,1,Wajukuu Art Project
Layla Taher,1,Jumana Emil Abboud
Layth Kareem,1,Sada [regroup]
Lazarus Tumbuti,1,Wajukuu Art Project
LE 18,1,ruanrupa
Le Brouillon,1,LE 18
Lê Đình Chung,1,Nhà Sàn Collective
Lê Quang Minh,1,Nguyen Trinh Thi
Lê Thị Lương,1,Nhà Sàn Collective
Lê Thuận Uyên,1,Nguyen Trinh Thi
Lea Grönholdt,1,ZK/U – Center for Art and Urbanistics
Léa Morin,1,LE 18
Lea Søvsø,1,ZK/U – Center for Art and Urbanistics
Leah Gordon,1,Atis Rezistans | Ghetto Biennale
Leah Gordon,1,Sourabh Phadke
Leang Seckon,1,Sa Sa Art Projects
Lee Wen,1,Asia Art Archive
Leila Mcmillan,1,Project Art Works
Leila Montero,1,Instituto de Artivismo Hannah Arendt
Lem Trag Nguyen,1,Nhà Sàn Collective
Leon Verbeek,1,Centre d’art Waza
Leonardo Otaño,1,Instituto de Artivismo Hannah Arendt
Leonel Vásquez,1,Más Arte Más Acción
Les Mamans Douées,1,LE 18
Leticia Obeid,1,La Intermundial Holobiente
Lewis Kimone,1,Wajukuu Art Project
Leyner Palacios,1,Más Arte Más Acción
Li Cong 李聪,1,BOLOHO
Li Mushi 李木时,1,BOLOHO
Li Xiaotian 李筱天,1,BOLOHO
Li Yu 李与,1,BOLOHO
Li Zhiyong 李致恿,1,BOLOHO
Liam Morgan,1,Baan Noorg Collaborative Arts and Culture
Libby Davitri,1,Agus Nur Amal PMTOH
Libby Davitri,1,Agus Nur Amal PMTOH
Libby Davitri,1,Agus Nur Amal PMTOH
Lidija Triana Dewi,1,Taring Padi
Lifepatch,1,Gudskul
Liliana Gómez,1,Más Arte Más Acción
Lim Sokchanlina,1,Sa Sa Art Projects
Lin Ruizhen 林瑞珍,1,BOLOHO
Lina Bryyi Moreno,1,Más Arte Más Acción
Lina Isma’il,1,The Question of Funding
Lineo SEGOETE,1,Another Roadmap Africa Cluster (ARAC)
Linojoe Raju,1,Amol K Patil
Linus Bonduelle,1,Jimmie Durham & A Stick in the Forest by the Side of the Road
Liu Di 刘菂,1,BOLOHO
Liu Man-kun,1,Cao Minghao & Chen Jianjun
Liu Yuerong 刘月容,1,BOLOHO
Lívia Páldi,1,OFF-Biennale Budapest
Load Na Dito,1,Gudskul
Londel Innocent,1,Atis Rezistans | Ghetto Biennale
Loranita Theo,1,Jatiwangi art Factory
Lorena Diez,1,Más Arte Más Acción
Losso Marie Ange Dakouo,1,Fondation Festival sur le Niger
Louis Kervans,1,Atis Rezistans | Ghetto Biennale
Louisa Aarass,1,LE 18
Louise Newham,1,Project Art Works
Loup Uberto,1,Siwa plateforme - L'Economat at Redeyef
Lubange Wa Kangalele,1,Centre d’art Waza
Luca Marie Tüshaus,1,ook_ [reinaart vanhoe
Lucas Di Pascuale,1,La Intermundial Holobiente
Lucio Capece,1,La Intermundial Holobiente
Lucy,1,Project Art Works
Lucy Jenion,1,Project Art Works
Lugar a dudas (Cali),1,Arts Collaboratory
Luis Sagasti,1,La Intermundial Holobiente
Luis Vasquez La Roche,1,Alice Yard
Luke Bebb,1,Project Art Works
Lumbwe Kafwana Laurent,1,Centre d’art Waza
Lumuna Ndala,1,Centre d’art Waza
Lutfun Nahar,1,Britto Arts Trust
Lyagoba Suudi,1,Wakaliga Uganda
Lydia Antoniou,1,Jumana Emil Abboud
Lydia Antoniou,1,Sourabh Phadke
Lydia Saïdi,1,Archives des luttes des femmes en Algérie
Lyna Kourn,1,Sa Sa Art Projects
Lyno Vuth,1,Sa Sa Art Projects
M’barek Bouhchichi,1,LE 18
Ma Liuming,1,Asia Art Archive
MADEYOULOOK,1,ruanrupa
Madina Zholdybekova,1,Saodat Ismailova
Madou Tounkara,1,Fondation Festival sur le Niger
Magda Pata,1,Project Art Works
Magdalena Wallpot,1,Más Arte Más Acción
Mahamadou Drame,1,Fondation Festival sur le Niger
Mahbubur Rahman,1,Britto Arts Trust
Mahmoud Ismail,1,*foundation­Class*­collective
Majid Doghlas,1,The Question of Funding
Malahlela Malose,1,Keleketla! Library
Malek Bouaoni,1,Siwa plateforme - L'Economat at Redeyef
Malene Saalmann,1,Sourabh Phadke
Małgorzata Mirga-Tas,1,OFF-Biennale Budapest
Malika Teßmann,1,Nino Bulling
Mama Koné,1,Fondation Festival sur le Niger
Mamadou Diallo,1,Chimurenga
Maman Kisimba,1,Centre d’art Waza
Mambo Wong 王沛然,1,BOLOHO
Mamou Daffé,1,Fondation Festival sur le Niger
Mang Edie,1,Agus Nur Amal PMTOH
Mani Chandra Barman,1,Britto Arts Trust
Mani Shanker Das,1,Britto Arts Trust
Manolo Hugué,1,INLAND
Manuel David Riascos,1,Más Arte Más Acción
Manuel Strube,1,ZK/U – Center for Art and Urbanistics
Manuela Leite,1,Graziela Kunsch
Mao Rujia 毛茹佳,1,BOLOHO
Mara (Omara) Oláh,1,OFF-Biennale Budapest
Marc Hennes,1,Nino Bulling
Marco De stefanis,1,Jimmie Durham & A Stick in the Forest by the Side of the Road
Marei Loellmann,1,Fehras Publishing Practices
María Andrade,1,Más Arte Más Acción
Maria Luiza de Meneses,1,Graziela Kunsch
Mariam Koné,1,Fondation Festival sur le Niger
Marianne Dautrey,1,Siwa plateforme - L'Economat at Redeyef
Marie Salcedo Horn,1,ZK/U – Center for Art and Urbanistics
Marie Salcedo Horn,1,ZK/U – Center for Art and Urbanistics
Mariela Gouiric,1,Serigrafistas queer
Mariela Paula Scafati,1,Serigrafistas queer
Mariëlle verdijk,1,ook_ [reinaart vanhoe
Marijpol,1,Nino Bulling
Marina Naprushkina,1,*foundation­Class*­collective
Mario Pierre Louis,1,Atis Rezistans | Ghetto Biennale
Marion Willis,1,Project Art Works
Mark Daniels,1,Project Art Works
Markus Shimizu,1,ZK/U – Center for Art and Urbanistics
Markus Zimmermann,1,ZK/U – Center for Art and Urbanistics
Marlene Halbgewachs,1,El Warcha
Marlene Oeken – scenography,1,Nino Bulling
Marta Maria Ramirez,1,Instituto de Artivismo Hannah Arendt
Marth Sitánachi,1,INLAND
Martin Fokken,1,Sourabh Phadke
Martin Swan,1,Project Art Works
Martina Hoffmann,1,ZK/U – Center for Art and Urbanistics
Martina Vanin,1,Atis Rezistans | Ghetto Biennale
Martyna Marić-Barhanović,1,Fehras Publishing Practices
Marwa Arsanios,1,ruanrupa
Marwa Arsanios,1,Sourabh Phadke
Marwan Akrouti,1,Siwa plateforme - L'Economat at Redeyef
Más Arte Más Acción,1,ruanrupa
Más Arte Más Acción (Chocó),1,Arts Collaboratory
Masao Adachi,1,Subversive Film
Masaya Kobayashi,1,Cinema Caravan and Takashi Kuribayashi
Matheiu Lontanaza,1,Siwa plateforme - L'Economat at Redeyef
Matin Abbas,1,ook_ [reinaart vanhoe
Matteo Calore,1,Jimmie Durham & A Stick in the Forest by the Side of the Road
Matthias Einhoff,1,ZK/U – Center for Art and Urbanistics
Matthias Kremsreiter,1,ZK/U – Center for Art and Urbanistics
Matthijs de Bruijne,1,Erick Beltrán
Maung San Oo,1,Asia Art Archive
Max Gmür,1,INLAND
Max Grau,1,*foundation­Class*­collective
Max Jeromin,1,ZK/U – Center for Art and Urbanistics
Max Winckler,1,Wakaliga Uganda
Maya Dghaidi,1,Marwa Arsanios
Maya Shapiro Steen,1,Project Art Works
Maya Van Leemput,1,Centre d’art Waza
Maya Zebdawi,1,yasmine eid-sabbagh
Mayada Al Kayal,1,*foundation­Class*­collective
Maynul Islam Paul,1,Britto Arts Trust
Mayor Staff,1,Jatiwangi art Factory
Mayra Alejandra Schultheis,1,ook_ [reinaart vanhoe
Mazen Hachem,1,Marwa Arsanios
Mbulaiteri,1,Wakaliga Uganda
Mc3BArts,1,*foundation­Class*­collective
Md. Abba Ali,1,Britto Arts Trust
Md. Abu Sayed Ali,1,Britto Arts Trust
Md. Aminul Islam,1,Britto Arts Trust
Md. Esahak Ali,1,Britto Arts Trust
Md. Jaidul,1,Britto Arts Trust
Md. Kased Ali,1,Britto Arts Trust
Md. Khairul Alam,1,Britto Arts Trust
Md. Lal Maud Fakir,1,Britto Arts Trust
Md. Mostafa,1,Britto Arts Trust
Md. Musharaf Musa,1,Britto Arts Trust
Md. Saheb Ali,1,Britto Arts Trust
Mehedi Hasan,1,Britto Arts Trust
Meike Stricker,1,ook_ [reinaart vanhoe
Meister Florian,1,ZK/U – Center for Art and Urbanistics
Mela Dávila Freire,1,yasmine eid-sabbagh
Melissa Schmidt,1,Sourabh Phadke
Mercy Wambui,1,Wajukuu Art Project
Meriem Benmhamed,1,LE 18
Merlind Sauerland,1,ook_ [reinaart vanhoe
Merve Celikyurt,1,Fehras Publishing Practices
Meryem Fekhari,1,LE 18
MG Pringgotono,1,Agus Nur Amal PMTOH
Mi You,1,Cao Minghao & Chen Jianjun
Michael Weber,1,Sourabh Phadke
Michael Zwingmann,1,ZK/U – Center for Art and Urbanistics
Michaela Brüning-Lilienfeldt,1,Graziela Kunsch
Michal Imielski,1,Safdar Ahmed
Michel Esselbrügge,1,Nino Bulling
Michel Kasongo,1,Centre d’art Waza
Michel Lafleur,1,Atis Rezistans | Ghetto Biennale
Michelle Eistrup,1,Alice Yard
Michelle Roberts,1,Project Art Works
Michinori Maru,1,Cinema Caravan and Takashi Kuribayashi
Micol Bez,1,Jimmie Durham & A Stick in the Forest by the Side of the Road
Miguel “El Pajarito”,1,INLAND
Miguel Ángel Vargas,1,OFF-Biennale Budapest
Miguel Navas,1,Más Arte Más Acción
Mikayanti Engkus,1,Agus Nur Amal PMTOH
Mike Euler,1,ZK/U – Center for Art and Urbanistics
MiLa Unterneustadt,1,ZK/U – Center for Art and Urbanistics
Milton Anwar,1,Britto Arts Trust
Min Kyung Kim,1,ZK/U – Center for Art and Urbanistics
Mineo Mitsui,1,Subversive Film
Ming Chow,1,Jatiwangi art Factory
Minghao Cao,1,Cao Minghao & Chen Jianjun
Mini Rukmini,1,Agus Nur Amal PMTOH
Miningsih,1,Agus Nur Amal PMTOH
Miream Salameh,1,Safdar Ahmed
Miriam Schickler,1,*foundation­Class*­collective
Mit Jai Inn,1,Sa Sa Art Projects
Mitchell Esajas,1,The Black Archives
Mizuki Nishimura,1,Cinema Caravan and Takashi Kuribayashi
Mloukhiyyé Al-Fil,1,Nino Bulling
MN,1,Safdar Ahmed
Modise Sekgothe,1,MADEYOULOOK
Moe Laga-Toleafoa,1,FAFSWAG
Moe Satt,1,Asia Art Archive
Mohamad Halbouni,1,*foundation­Class*­collective
Mohamed Amin Ezzedini,1,Siwa plateforme - L'Economat at Redeyef
Mohamed Doumbia,1,Fondation Festival sur le Niger
Mohamed Labidi,1,Siwa plateforme - L'Economat at Redeyef
Mohamed Oubenal,1,LE 18
Mohamed Znaidi,1,Siwa plateforme - L'Economat at Redeyef
Mohammad Al Hawajri,1,The Question of Funding
Mohammad Amal Nazeeh,1,The Question of Funding
Mohammad Haman,1,Komîna Fîlm a Rojava
Mohammad Sevinaz,1,Komîna Fîlm a Rojava
Mohammad Sultan,1,Britto Arts Trust
Mohammed Abusal,1,The Question of Funding
Mohanad Alsneeh,1,*foundation­Class*­collective
Mohosin Kabir,1,Britto Arts Trust
Moise Sagara,1,Fondation Festival sur le Niger
Mojes Rema,1,Britto Arts Trust
Molemo Moiloa,1,MADEYOULOOK
Momtaz Dimashqi,1,ZK/U – Center for Art and Urbanistics
Mona Kareem,1,The Question of Funding
Mona Moradveisi,1,Safdar Ahmed
Monica Maurer,1,Subversive Film
Monika Pieniazek,1,Erick Beltrán
Monju Rani Barman,1,Britto Arts Trust
Monjur Sagor,1,Britto Arts Trust
Montasser Drissi,1,LE 18
Morenxxx,1,Party Office b2b Fadescha
Morten Goll,1,Trampoline House
Moses Marz,1,Chimurenga
Moumita Rema,1,Britto Arts Trust
Mouna Belhouchet,1,Siwa plateforme - L'Economat at Redeyef
Mounir Rahmouni,1,LE 18
Mounya Elbakay,1,Jumana Emil Abboud
Moussa Boubacar Diarra,1,Fondation Festival sur le Niger
Moyi Schwartzer,1,Serigrafistas queer
Muchu Chnadra Barman,1,Britto Arts Trust
Muhammad Ilham Samudra,1,Jatiwangi art Factory
Muhammad Revaldi,1,Agus Nur Amal PMTOH
Muhannad Al Ulaby,1,Trampoline House
Mukhiddin Risqiyev,1,Saodat Ismailova
Munis Jurayeva,1,Saodat Ismailova
Munna Chandra Barman,1,Britto Arts Trust
Muntasser Kramti,1,Siwa plateforme - L'Economat at Redeyef
Murillo,1,Serigrafistas queer
Murtaza Ali Jafari,1,Safdar Ahmed
Mushowir,1,Agus Nur Amal PMTOH
Mushowir,1,Agus Nur Amal PMTOH
Mustafa Abu Ali,1,Subversive Film
Mutsaem Jobran,1,The Question of Funding
Mwewa Kasongo,1,Centre d’art Waza
N’Dji Yacouba Traoré,1,Fondation Festival sur le Niger
N’Fana Diakite,1,Fondation Festival sur le Niger
Nabil Himich,1,LE 18
Nadia Tazi,1,Siwa plateforme - L'Economat at Redeyef
Nadine Pena,1,Centre d’art Waza
Nadir Bouhmouch,1,LE 18
Nadira Husain,1,*foundation­Class*­collective
Nafee Kurdi,1,ZK/U – Center for Art and Urbanistics
Nahora Ioane,1,FAFSWAG
Nailé Sosa Aragón,1,yasmine eid-sabbagh
Najumoeniesa Damon,1,Jimmie Durham & A Stick in the Forest by the Side of the Road
Nancy Nasr Al-Deen,1,Fehras Publishing Practices
Nancy Nasseredine,1,Marwa Arsanios
Nanne Buurman,1,Atis Rezistans | Ghetto Biennale
Naoito Ito,1,Cinema Caravan and Takashi Kuribayashi
Naom Gorbat,1,Fehras Publishing Practices
Naomi Nantois Meadow,1,El Warcha
Naomie Monga Masengo,1,Centre d’art Waza
Nare Mokgotho,1,MADEYOULOOK
Nashibah Nakibuuka,1,Wakaliga Uganda
Nassim Azarzar,1,LE 18
Natalia Arias,1,Más Arte Más Acción
Natalie Dance,1,Project Art Works
Natascha Burk,1,Sourabh Phadke
Nattembo Racheal Monica,1,Wakaliga Uganda
Natyada Tawonsri,1,Nino Bulling
Nayan Roy,1,Britto Arts Trust
Nazila Karimy,1,Fehras Publishing Practices
Nazira Karimi,1,Saodat Ismailova
Nelli David,1,ZK/U – Center for Art and Urbanistics
Nelly Choné,1,ZK/U – Center for Art and Urbanistics
Nelly Choné,1,ZK/U – Center for Art and Urbanistics
Neşe Polat,1,Pınar Ögrenci
Neti,1,Agus Nur Amal PMTOH
Neville Jermyn,1,Project Art Works
Nge Lay,1,Sa Sa Art Projects
Ngoc Nau,1,Sa Sa Art Projects
Ngugi Waweru,1,Wajukuu Art Project
Nguyễn Đình Phương,1,Nhà Sàn Collective
Nguyễn Đình Phương,1,Nhà Sàn Collective
Nguyễn Đức Đạt,1,Nhà Sàn Collective
Nguyen Duc Tuong,1,Nhà Sàn Collective
Nguyễn Hoàng Anh,1,Nhà Sàn Collective
Nguyễn Hữu Hải Duy,1,Nhà Sàn Collective
Nguyễn Kiều Anh,1,Nhà Sàn Collective
Nguyễn Kim Tố Lan,1,Nhà Sàn Collective
Nguyễn Mạnh Đức,1,Nhà Sàn Collective
Nguyễn Nhật Quang,1,Nhà Sàn Collective
Nguyễn Phương Kiều Anh,1,Nhà Sàn Collective
Nguyễn Phương Linh,1,Nhà Sàn Collective
Nguyễn Quốc Thành,1,Nhà Sàn Collective
Nguyễn Thanh Tâm,1,Nhà Sàn Collective
Nguyễn Thị Diệp,1,Nhà Sàn Collective
Nguyễn Thị Thu Hằng,1,Nhà Sàn Collective
Nguyễn Thủy Tiên,1,Nhà Sàn Collective
Nguyễn Trần Nam,1,Nhà Sàn Collective
Nguyen Trinh Thi,1,ruanrupa
Nguyễn Trinh Thi,1,Nhà Sàn Collective
Nguyễn Văn Thuỷ,1,Nhà Sàn Collective
Nguyễn Xuân Sơn,1,Nguyen Trinh Thi
Nhà Sàn Collective,1,ruanrupa
Nhi Lê,1,Nhà Sàn Collective
Nicholas Laughlin,1,Alice Yard
Nicola Gray,1,The Question of Funding
Nicole Delgado,1,Alice Yard
Nicole Trigg,1,Jimmie Durham & A Stick in the Forest by the Side of the Road
Nida Sinnokrot,1,Jumana Emil Abboud
Nijhum Zannatun Nahar,1,Britto Arts Trust
Niklas Holzhauer,1,ook_ [reinaart vanhoe
Nikolett Erőss,1,OFF-Biennale Budapest
Nilima Sheikh,1,Asia Art Archive
Nina Kanitz,1,Graziela Kunsch
Nina Shumann,1,Erick Beltrán
Nino Bulling,1,ruanrupa
Nisa e.V.,1,ook_ [reinaart vanhoe
Nisreen Mazawi,1,The Question of Funding
Nissal “Lindung” Nur Afryansah,1,Agus Nur Amal PMTOH
Nissan “Landung” Nur Afryansah,1,Agus Nur Amal PMTOH
Nitaya Ueareeworakul,1,Asia Art Archive
Njeri Gitungo,1,The Nest Collective
Njoki Ngumi,1,The Nest Collective
Noel Kasyoka,1,The Nest Collective
Noelia Billi,1,La Intermundial Holobiente
Nomaliqhwa Hadebe,1,Chimurenga
Nontobeko Ntombel,1,Centre d’art Waza
Noor Abed,1,The Question of Funding
Nordland kunst- og filmhøgskole,1,Gudskul
Norgard Kröger,1,ook_ [reinaart vanhoe
Nour Hifaoui,1,Nino Bulling
Noura Ben Ali,1,Siwa plateforme - L'Economat at Redeyef
Noureddin Yassin,1,*foundation­Class*­collective
Novi Elisa Surya,1,Agus Nur Amal PMTOH
Nozuko Mapoma,1,MADEYOULOOK
Nsamba Francis,1,Wakaliga Uganda
Ntone Edjabe,1,Chimurenga
Nubuke Foundation (Accra),1,Arts Collaboratory
Nugraha Salim,1,Agus Nur Amal PMTOH
Nugraha Salim,1,Agus Nur Amal PMTOH
Nur,1,Agus Nur Amal PMTOH
Nur Seto Setiawan,1,Taring Padi
Nuria Rojas Castaneda,1,Erick Beltrán
Nuriye İşleyen,1,Pınar Ögrenci
Nyanza Working Group,1,Another Roadmap Africa Cluster (ARAC)
Nygel Panasco,1,Nino Bulling
Odina Risqiyeva,1,Saodat Ismailova
Odinaka Uche-Okolo,1,ook_ [reinaart vanhoe
OFF-Biennale Budapest,1,ruanrupa
Ogün Kebapçı,1,*foundation­Class*­collective
Okacha Ben Salah,1,Siwa plateforme - L'Economat at Redeyef
Okhigobe Omonblanks Omonhimin,1,Party Office b2b Fadescha
Ole Handschug,1,ook_ [reinaart vanhoe
Oliver Crowther,1,Project Art Works
Olivier Bwihangane,1,Centre d’art Waza
Olutayo AJE,1,Another Roadmap Africa Cluster (ARAC)
Omar Layza,1,The Question of Funding
Omni Space,1,Gudskul
On-Anong Glinsiri,1,Asia Art Archive
Oneika Russel,1,Alice Yard
ook_ [reinaart vanhoe,1,ruanrupa
Osamah Abouzor,1,*foundation­Class*­collective
Oscar Hagerman,1,INLAND
Oshan Nurisa,1,Agus Nur Amal PMTOH
Oshan Nurisa,1,Agus Nur Amal PMTOH
Oshan Nurisa,1,Agus Nur Amal PMTOH
Osneyder Valoy,1,Más Arte Más Acción
Ostina Chiran,1,Britto Arts Trust
Özdemir Adid,1,*foundation­Class*­collective
özgür atlagan,1,The Question of Funding
Pablo Martín Ruiz,1,La Intermundial Holobiente
Pablo Méndez,1,La Intermundial Holobiente
Pablo Santacana Lopez,1,ZK/U – Center for Art and Urbanistics
Pakchira Chartpanyawut,1,Baan Noorg Collaborative Arts and Culture
Palaver Rhababa,1,ook_ [reinaart vanhoe
Pandu Rahadian,1,Jatiwangi art Factory
Pangrok Sulap,1,Gudskul
Pani,1,Agus Nur Amal PMTOH
Panji “Jin” Purnama Putra,1,Agus Nur Amal PMTOH
Panji “Jin” Purnama Putra,1,Agus Nur Amal PMTOH
Pankaj Das,1,Britto Arts Trust
Paola Pérez,1,Más Arte Más Acción
Pari,1,Gudskul
Parpoti Rani Barman,1,Britto Arts Trust
Participants from Streetbolzer and Offener Kanal Kassel,1,Jimmie Durham & A Stick in the Forest by the Side of the Road
Party Office b2b Fadescha,1,ruanrupa
Parul Sinha,1,Amol K Patil
Pati Solomona Tyrell,1,FAFSWAG
Patricia Finnegan,1,Project Art Works
Patricia Lima Zahn,1,Graziela Kunsch
Patrick Elie,1,Atis Rezistans | Ghetto Biennale
Patrick MUDEKEREZA,1,Another Roadmap Africa Cluster (ARAC)
Patrick Mudekereza,1,Centre d’art Waza
Paul Colley,1,Project Art Works
Paul Irungu,1,Wajukuu Art Project
Paula Andrea Orozco,1,Más Arte Más Acción
Paula Fleisner,1,La Intermundial Holobiente
Pauline Brämer,1,ook_ [reinaart vanhoe
Paulo Fochi,1,Graziela Kunsch
PAYON,1,Gudskul
Pêdra Costa,1,Party Office b2b Fadescha
Pedro Lasch,1,Atis Rezistans | Ghetto Biennale
Peimaneh Yaghoobifarah,1,Fehras Publishing Practices
Peju LAYIWOLA,1,Another Roadmap Africa Cluster (ARAC)
Pepep Syaiful Hidayat,1,Jatiwangi art Factory
Peter Achayo,1,Wajukuu Art Project
Peter Anhalt,1,Sourabh Phadke
Peter Hodgson,1,INLAND
Peter Quinnell,1,Project Art Works
Phạm Chí Khánh,1,Nguyen Trinh Thi
Phạm Hải,1,Nhà Sàn Collective
Phạm Hoàng Gia Khang,1,Nguyen Trinh Thi
Phan Đông Thái,1,Nhà Sàn Collective
Phaptawan Suwannakudt,1,Asia Art Archive
Philip Horst,1,ZK/U – Center for Art and Urbanistics
Philipp Colorado,1,ook_ [reinaart vanhoe
Philipp Firmbach,1,ook_ [reinaart vanhoe
Phoebe Ellen Prebble,1,Project Art Works
"Phụ Lục (Nguyễn Huy An, Ngô Thành Bắc, Vũ Đức Toàn)",1,Nhà Sàn Collective
Phùng Tiến Sơn with Giáo phường Kim Đức,1,Nhà Sàn Collective
Phyu Mon,1,Asia Art Archive
Pierre Kahenga,1,Centre d’art Waza
Pijush Roy,1,Britto Arts Trust
Pikler® House,1,Graziela Kunsch
Pilar Mendoza,1,Más Arte Más Acción
Pınar Ögrenci,1,ruanrupa
Pinaree Sanpitak,1,Sa Sa Art Projects
Pipin Muhammad Kaspin,1,Jatiwangi art Factory
Plackner Werkstatt für Spiel + Pädagogik,1,Graziela Kunsch
"Platform TJU, Mariupol",1,ZK/U – Center for Art and Urbanistics
Platohedro (Medellín),1,Arts Collaboratory
Pol Aumedes (La Sarandaca),1,Erick Beltrán
Poonam Jain,1,Amol K Patil
Pornpilai Meemalai,1,Baan Noorg Collaborative Arts and Culture
Prabowo Setyadi,1,Jatiwangi art Factory
Prakash Chandra Barman,1,Britto Arts Trust
Prasenjit Das,1,Britto Arts Trust
Pris Roos,1,ook_ [reinaart vanhoe
Pritan Chandra Das,1,Britto Arts Trust
Prodige MAKONGA,1,Another Roadmap Africa Cluster (ARAC)
Prodige Makonga,1,Centre d’art Waza
Prof. Dr. Susanne Westhoff,1,Jimmie Durham & A Stick in the Forest by the Side of the Road
Project Art Works,1,ruanrupa
Provat Dlopo,1,Britto Arts Trust
PSS Duren,1,Gudskul
Public Daycare,1,Graziela Kunsch
Puleng PLESSIE,1,Another Roadmap Africa Cluster (ARAC)
Pura Lavisa,1,Chimurenga
Pushpa Rani Barman,1,Britto Arts Trust
Putra Hidayatullah,1,Agus Nur Amal PMTOH
Putra Hidayatullah,1,ruanrupa
QANAT,1,LE 18
Qiaohui Chen,1,Sourabh Phadke
Quadri OLUWASEGUN,1,Another Roadmap Africa Cluster (ARAC)
Quang Quang,1,Nhà Sàn Collective
Qusai Jode,1,The Question of Funding
Quynh Dong,1,Nhà Sàn Collective
R. R. Hofmann,1,INLAND
RA Kajol,1,Britto Arts Trust
Rachael Chan 陈可沂,1,BOLOHO
Radhouane Boudhraa,1,El Warcha
Raed Issa,1,The Question of Funding
Raed Mutar,1,Sada [regroup]
Raghad Saqfalhait,1,Jumana Emil Abboud
Rahaf ‘Alqem,1,Jumana Emil Abboud
Rahila Sahebdel,1,ook_ [reinaart vanhoe
Rai Shizuno,1,Cinema Caravan and Takashi Kuribayashi
Rai Uno,1,Siwa plateforme - L'Economat at Redeyef
Raj Kishore,1,Britto Arts Trust
Rakibul Anwar,1,Britto Arts Trust
Ral Veroni,1,La Intermundial Holobiente
Rami Massad,1,The Question of Funding
Rami Nihawi,1,Subversive Film
Ramon Aumedes (La Sarandaca),1,Erick Beltrán
Ramya Patnaik,1,Party Office b2b Fadescha
Rana ELNEMR,1,Another Roadmap Africa Cluster (ARAC)
Rana Matloub,1,ook_ [reinaart vanhoe
Rangoato HLASANE,1,Another Roadmap Africa Cluster (ARAC)
Raphael Salumu,1,Centre d’art Waza
Raquel Vasquez La Roche,1,Alice Yard
Rasha Qass Yousef,1,Fehras Publishing Practices
Rasha Salti,1,Subversive Film
Raul Balai,1,The Black Archives
Rauof Al Ajouri,1,The Question of Funding
RAW Material Company (Dakar),1,Arts Collaboratory
Ray Langenbach,1,Asia Art Archive
Raya Ziada,1,The Question of Funding
Rayya Badran,1,Fehras Publishing Practices
Rayya Badran,1,The Question of Funding
Razia Barsatie,1,Alice Yard
"Recetas Urbanas (Santiago Cirugeda, Alice Attout, Carlos Vázquez Gardón, Garazi Merodio Ayarza, Ania Jaca Sanz de Arellano, Jorge Barroso (Bifu), Martina Helmke, Emilien Le Goff, Mario Bestion, Isadora Grumiaux)",1,OFF-Biennale Budapest
Redwane Jabal,1,ZK/U – Center for Art and Urbanistics
Reem Shadeed,1,LE 18
Reetu Sattar,1,Britto Arts Trust
Reiko Kanazawa,1,ZK/U – Center for Art and Urbanistics
Rena Onat,1,*foundation­Class*­collective
Rene Ngombe,1,Centre d’art Waza
Rene Wagner,1,ZK/U – Center for Art and Urbanistics
Renèe Tribble/ TU Dortmund,1,ZK/U – Center for Art and Urbanistics
Reynaldo Jiménez,1,La Intermundial Holobiente
Richard Bell,1,ruanrupa
Richard Khaldon,1,*foundation­Class*­collective
Richard Mbuyu,1,Centre d’art Waza
Rieneke de Vries,1,ook_ [reinaart vanhoe
Rifayanti,1,Jatiwangi art Factory
Rijin Sahakian,1,Sada [regroup]
Rim Mejdi,1,LE 18
Ringchi Mree,1,Britto Arts Trust
Rino Aditia,1,Agus Nur Amal PMTOH
Rino Aditia,1,Agus Nur Amal PMTOH
Rita Kálmán,1,OFF-Biennale Budapest
Rita MUKEBO,1,Another Roadmap Africa Cluster (ARAC)
Rita Mukebo,1,Centre d’art Waza
Riuychi Hirokawa,1,Subversive Film
Riwaq (Al-Bireh),1,Arts Collaboratory
Rob Ruimers,1,Jimmie Durham & A Stick in the Forest by the Side of the Road
Robert Gabris,1,OFF-Biennale Budapest
Roberto N Peyre,1,Atis Rezistans | Ghetto Biennale
Robin Pach,1,Jimmie Durham & A Stick in the Forest by the Side of the Road
Robyn Cook,1,MADEYOULOOK
Rochdy Machouch,1,Siwa plateforme - L'Economat at Redeyef
Rohanah,1,Agus Nur Amal PMTOH
Rohani,1,Agus Nur Amal PMTOH
Rohit Varekar,1,Amol K Patil
Roland Castringius,1,ZK/U – Center for Art and Urbanistics
Romy Matar,1,Nino Bulling
Rosalío Ochoa Saavedra,1,ook_ [reinaart vanhoe
Rosca Van Rooyen,1,Jimmie Durham & A Stick in the Forest by the Side of the Road
Rose Jepkorir,1,Wajukuu Art Project
Rossana Alarcón,1,Más Arte Más Acción
Rossel Chaslie,1,The Black Archives
ruangrupa (Jakarta),1,Arts Collaboratory
ruanrupa,10,International Documenta Kassel Advisory Board
Rubén Alonso,1,INLAND
Rui Reis,1,ook_ [reinaart vanhoe
Rupe Chandra Barman,1,Britto Arts Trust
Sa Sa Art Projects,1,ruanrupa
Sa’ad Dagher,1,Jumana Emil Abboud
Saad Tabbabi,1,Siwa plateforme - L'Economat at Redeyef
Saadia Gacem,1,Archives des luttes des femmes en Algérie
Sabih Al Zoohiri,1,Subversive Film
Sabina Aguilera,1,INLAND
Sabine Dühring,1,ook_ [reinaart vanhoe
Sachin Kondalkar,1,Amol K Patil
Sachin Pitale,1,Amol K Patil
Sada [regroup],1,ruanrupa
Saeed,1,Safdar Ahmed
Safdar Ahmed,1,ruanrupa
Safdar Ahmed,1,Safdar Ahmed
Safiha Hossain,1,Britto Arts Trust
Sahar Abdallah,1,The Question of Funding
Sahar Qawasmi,1,Jumana Emil Abboud
Saidul Haque Juise,1,Britto Arts Trust
Sajib Das,1,Britto Arts Trust
Sajjad Abbas,1,Sada [regroup]
Salah Znaidi,1,Siwa plateforme - L'Economat at Redeyef
Saleh Hussein,1,Agus Nur Amal PMTOH
Salia Malé,1,Fondation Festival sur le Niger
Salif Berthé,1,Fondation Festival sur le Niger
Salikhain,1,Gudskul
Salim Ben Mohamed,1,Siwa plateforme - L'Economat at Redeyef
Salma Kharouba,1,Jumana Emil Abboud
Salman Hanief,1,Agus Nur Amal PMTOH
Salman hanief,1,Agus Nur Amal PMTOH
Salomé Dembélé,1,Fondation Festival sur le Niger
Sam Smith,1,Project Art Works
Samba Touré,1,Fondation Festival sur le Niger
Sami Khaldi,1,The Question of Funding
Sami Salamoni,1,Subversive Film
Samir Ben Boubaker,1,Siwa plateforme - L'Economat at Redeyef
Samir Nimr,1,Subversive Film
Samir R. Hissen,1,Subversive Film
Samir Skayni,1,The Question of Funding
Samnang Khvay,1,Sa Sa Art Projects
Samnang Sam,1,Sa Sa Art Projects
Samuel Luenberger,1,Centre d’art Waza
Sandra Vega,1,Más Arte Más Acción
Sandy Lo,1,Gudskul
Sanmu,1,Asia Art Archive
Santi,1,Agus Nur Amal PMTOH
Saodat Ismailova,1,ruanrupa
Sara Alberani,1,Trampoline House
Sara Dare,1,Project Art Works
Sara Frikech,1,LE 18
Sara Hamadeh,1,ook_ [reinaart vanhoe
Sarah Dunn,1,Project Art Works
Sarah Jabin,1,Britto Arts Trust
Sarah Munaf,1,Sada [regroup]
Sarah T,1,Project Art Works
Sari,1,Agus Nur Amal PMTOH
Sari MIDDERNACHT,1,Another Roadmap Africa Cluster (ARAC)
Sari Middernacht,1,Centre d’art Waza
Sascha Nelle,1,ook_ [reinaart vanhoe
Sascha Schneider,1,ZK/U – Center for Art and Urbanistics
Satoru Segi,1,Cinema Caravan and Takashi Kuribayashi
Saviya Lopes,1,Amol K Patil
Schneider TM & Tomoko Nakasato,1,ZK/U – Center for Art and Urbanistics
Schreinerei Oetken,1,Graziela Kunsch
Scutoid Coop,1,Gudskul
Sead Kazanxhiu,1,OFF-Biennale Budapest
Sean Leonard,1,Alice Yard
Sean Ormonde,1,Project Art Works
Sebastián Díaz Morales and Simon Danang Anggoro,1,ruanrupa
Selim Çakır,1,*foundation­Class*­collective
Selim Hajong,1,Britto Arts Trust
Selma El Mikdam-Lasslop,1,ook_ [reinaart vanhoe
Selma Kossentini,1,El Warcha
Selma Selman,1,OFF-Biennale Budapest
Serana Angelista,1,The Black Archives
Sergio Raimondi,1,La Intermundial Holobiente
Serigrafistas queer,1,ruanrupa
Serrum,1,Gudskul
Seydou Camara,1,Fondation Festival sur le Niger
Shahriar Shaon,1,Britto Arts Trust
Shakil Das,1,Britto Arts Trust
Shakira Kasigwa Mukamusoni,1,Trampoline House
Shannon Alonzo,1,Alice Yard
Shanta Hajong,1,Britto Arts Trust
Shao Yuezhu 邵月珠,1,BOLOHO
Sharif Persaud,1,Project Art Works
Sharjah Art Foundation,1,Subversive Film
Shattarup Das,1,Britto Arts Trust
Shaunak Mahbubani,1,Party Office b2b Fadescha
Shayma Al Bess,1,The Question of Funding
Shayma Nader,1,LE 18
Sheldon Green,1,Atis Rezistans | Ghetto Biennale
Sheree Domingo,1,Nino Bulling
Shih-Tung Lo,1,Baan Noorg Collaborative Arts and Culture
Shikha Hajong,1,Britto Arts Trust
Shila Rani Barman,1,Britto Arts Trust
Shimul Chandra Barman,1,Britto Arts Trust
Shimul Datta,1,Britto Arts Trust
Shimul Saha,1,Britto Arts Trust
SHIRAK,1,Subversive Film
Shree Ram,1,Britto Arts Trust
Shrimoti Devi,1,Britto Arts Trust
Shu Yan,1,Asia Art Archive
Shueh Ching Lu,1,Chang En-Man
Shuren Chandra Barman,1,Britto Arts Trust
Shurouq Qawariq,1,The Question of Funding
Shyamal Sarker,1,Britto Arts Trust
Siddharth Gadiyar,1,Project Art Works
Siden Kong,1,Sa Sa Art Projects
Silvana Santos,1,Graziela Kunsch
Silvio Lorusso,1,ook_ [reinaart vanhoe
Simnikiwe Buhlungu,1,The Question of Funding
Simon Benjamin,1,Atis Rezistans | Ghetto Biennale
Simon Browne,1,ook_ [reinaart vanhoe
Sina Ahlers,1,ZK/U – Center for Art and Urbanistics
Sina Ahmadi,1,Fehras Publishing Practices
Sina Heffner,1,ZK/U – Center for Art and Urbanistics
Sina Ribak,1,Más Arte Más Acción
Sindhubala Hajong,1,Britto Arts Trust
Sitawa Namwale,1,Wajukuu Art Project
Siwa plateforme - L'Economat at Redeyef,1,ruanrupa
Siwar Kraitem,1,The Question of Funding
Siwar Kraytem,1,yasmine eid-sabbagh
Slim Soledad,1,Party Office b2b Fadescha
Sobuj Das,1,Britto Arts Trust
Sofia Fahli,1,LE 18
Sofia Mariscal,1,INLAND
Sokchanlina Lim,1,Sa Sa Art Projects
Sol Rébora,1,La Intermundial Holobiente
Solar Darmika,1,Cinema Caravan and Takashi Kuribayashi
SOLAWI Gärtnerei Fuldaaue,1,ZK/U – Center for Art and Urbanistics
Solveig Front,1,Instituto de Artivismo Hannah Arendt
Sonji Rani Barman,1,Britto Arts Trust
Sopheap Pich,1,Sa Sa Art Projects
Sophia Young,1,Sa Sa Art Projects
Sophie Bessis,1,Siwa plateforme - L'Economat at Redeyef
Sophie Stein,1,ook_ [reinaart vanhoe
Sopna Hajong,1,Britto Arts Trust
Soufiane Lakrak,1,LE 18
Souleymane Ouologuem,1,Fondation Festival sur le Niger
Soumeya Aït Ahmed,1,LE 18
Sourabh Phadke,1,Jumana Emil Abboud
Sourabh Phadke,1,ruanrupa
Sri Maryato,1,Taring Padi
Ssebagenyi Ronald,1,Wakaliga Uganda
Ssempala Sulaiman,1,Wakaliga Uganda
Stadtteilzentrum Wesertor,1,ook_ [reinaart vanhoe
Stäedelschule,1,Gudskul
Stanley Ellis,1,Project Art Works
Stefan Daraban,1,*foundation­Class*­collective
Stefan Itter,1,Jimmie Durham & A Stick in the Forest by the Side of the Road
Stefan Nadolny,1,ook_ [reinaart vanhoe
Stefan Peters,1,Más Arte Más Acción
Stefan Roser,1,ook_ [reinaart vanhoe
Stefanie Leinhos,1,Nino Bulling
Stefany Karghoti,1,ook_ [reinaart vanhoe
Stephane Kabila,1,Centre d’art Waza
Stéphane KABILA,1,Another Roadmap Africa Cluster (ARAC)
Strandgut,1,Graziela Kunsch
Studio Kawakeb,1,The Question of Funding
Studio Safar,1,The Question of Funding
Stuffo Labs,1,Gudskul
Subita,1,Jatiwangi art Factory
Subitra Hajong,1,Britto Arts Trust
Subol Hajong,1,Britto Arts Trust
Subversive Film,1,ruanrupa
Suchee Simonti,1,ook_ [reinaart vanhoe
Sudhir Chandra Das,1,Britto Arts Trust
Sudut Kalisat,1,Gudskul
Suha ‘Atta ‘Alqam,1,Jumana Emil Abboud
Suhel Chandra Barman,1,Britto Arts Trust
Sultan Yousif,1,*foundation­Class*­collective
Sungeun Lee,1,The Question of Funding
Suni,1,Agus Nur Amal PMTOH
Sunny Dolat,1,The Nest Collective
Surya Wirawan,1,Taring Padi
Susan Azizi,1,*foundation­Class*­collective
Susana Velasco,1,INLAND
Susana Villalba,1,La Intermundial Holobiente
Susanne Wegerich,1,Jimmie Durham & A Stick in the Forest by the Side of the Road
Susie Hurley,1,Safdar Ahmed
Susie Nelson,1,Safdar Ahmed
Sutapa Biswas,1,Richard Bell
Sutthirat Supaparinya,1,Sa Sa Art Projects
Suzana Macedo Soares,1,Graziela Kunsch
Svenja Simone Schulte,1,ZK/U – Center for Art and Urbanistics
Syed Fida Hossain,1,Britto Arts Trust
Sylvia McAdam,1,Richard Bell
Szabolcs Vida,1,OFF-Biennale Budapest
T. Maki,1,Subversive Film
Tabaraq ‘Alqem,1,Jumana Emil Abboud
Tabz A,1,Safdar Ahmed
Taey Iohe and Cian Dayrit,1,Nhà Sàn Collective
Tahar Ezzeddini,1,Siwa plateforme - L'Economat at Redeyef
Tahuanty Jacanamijoy,1,Más Arte Más Acción
Takashi Kuribayashi,1,Cinema Caravan and Takashi Kuribayashi
Tamara Drath,1,ook_ [reinaart vanhoe
Tamás Péli,1,OFF-Biennale Budapest
Tamir Shmeltzer Frenkel Lederberg,1,Fehras Publishing Practices
Tamo Chiker,1,LE 18
Tamyiz Noor Ramadhan,1,Jatiwangi art Factory
Tan Jing 谭婧,1,BOLOHO
Tang Shuhua 唐淑华,1,BOLOHO
Tania Bruguera,1,Instituto de Artivismo Hannah Arendt
Tania Bruguera,1,Richard Bell
Tanu Gago,1,FAFSWAG
Tao Gu,1,Cao Minghao & Chen Jianjun
Tapan C. Das,1,Britto Arts Trust
Tapuaki Helu,1,FAFSWAG
Tara Rani Barman,1,Britto Arts Trust
Tareq Abboushi,1,Jumana Emil Abboud
Taring Padi,1,ruanrupa
Tarsono D. Mardiana,1,Jatiwangi art Factory
Tarun Ghosh,1,Britto Arts Trust
Tatita Na Sae,1,Jatiwangi art Factory
Tatsuya Sano,1,Cinema Caravan and Takashi Kuribayashi
Tayeba Begum Lipi,1,Britto Arts Trust
Ted Gaier,1,Más Arte Más Acción
Tedi En,1,Agus Nur Amal PMTOH
Tedi Nurmanto,1,Jatiwangi art Factory
Teferi Mekonen,1,ook_ [reinaart vanhoe
Teguh Safarizal,1,Sourabh Phadke
Tekchbila,1,LE 18
Tenthaus,1,Gudskul
Teodora Tabacki,1,Fehras Publishing Practices
TEOR/éTica (San José),1,Arts Collaboratory
Teresa Feldmann,1,Más Arte Más Acción
Teri Szűcs,1,OFF-Biennale Budapest
Tessa Mars,1,Alice Yard
Teti,1,Agus Nur Amal PMTOH
The Black Archives,1,Richard Bell
The Black Archives,1,ruanrupa
The Nest Collective,1,ruanrupa
The Question of Funding,1,ruanrupa
"The Randomroutines (Tamás Kaszás, Krisztián Kristóf)",1,OFF-Biennale Budapest
The ten thousand things,1,La Intermundial Holobiente
Theertha (Colombo),1,Arts Collaboratory
Thida Sok,1,Sa Sa Art Projects
Thomas Lepora,1,Project Art Works
Thurayya Shneina (Um Jum’a),1,Jumana Emil Abboud
Tieble Traoré,1,Fondation Festival sur le Niger
TIGA (Tindakan Gerak Asuh),1,Gudskul
Tillaniso Nuregdi,1,Saodat Ismailova
Tilman Evers,1,ook_ [reinaart vanhoe
Tim Corrigan,1,Project Art Works
Tim Rudolph,1,Erick Beltrán
Tim Swann,1,FAFSWAG
Tímea Junghaus,1,OFF-Biennale Budapest
Tinet Elmgren,1,Nino Bulling
Ting Tsou,1,Chang En-Man
Tishanker Das,1,Britto Arts Trust
Tito Rivas,1,INLAND
Tobias Opialla,1,ZK/U – Center for Art and Urbanistics
Tokonoma,1,Gudskul
Tokzhan Karatai,1,Saodat Ismailova
Tom Bogaert,1,Atis Rezistans | Ghetto Biennale
Tom Hollyman,1,Subversive Film
Tom Philipson,1,INLAND
Tomas Opitz,1,Graziela Kunsch
Tomi Hilsee,1,ook_ [reinaart vanhoe
Tone Olaf Nielsen,1,Trampoline House
Topan “Opang” Darmawan,1,Agus Nur Amal PMTOH
"Totem, Kherson",1,ZK/U – Center for Art and Urbanistics
Touda Bouanani,1,LE 18
Toufiq Ennouri,1,LE 18
Trampoline House,1,ruanrupa
Trần Trung Hiếu,1,Nhà Sàn Collective
Tresor Makonga,1,Centre d’art Waza
Trishna Paul,1,Britto Arts Trust
Tritangtu,1,Agus Nur Amal PMTOH
Troupe Asnimer,1,LE 18
Troupe Cheikh Hammou,1,LE 18
Trương Quế Chi,1,Nhà Sàn Collective
Tsohil Bhatia,1,Party Office b2b Fadescha
Tuấn Mami with Fami Farm,1,Nhà Sàn Collective
Tulio De Sagastizábal,1,La Intermundial Holobiente
Tumi MOGOROSI,1,Another Roadmap Africa Cluster (ARAC)
Tuton Chandra Barman,1,Britto Arts Trust
Uddin Ala,1,Hamja Ahsan
Ugo La Pietra,1,INLAND
Uju,1,Agus Nur Amal PMTOH
Uju,1,Agus Nur Amal PMTOH
Ulf Aminde,1,*foundation­Class*­collective
Ulises Padrón,1,Instituto de Artivismo Hannah Arendt
UnconditionalDesign,1,Gudskul
Unterneustädter Grundschule,1,ook_ [reinaart vanhoe
"Unterneustädter Schule, Kassel",1,OFF-Biennale Budapest
"Untitled duo (Soukaina Aboulaoula, Yvon Langué)",1,LE 18
Uông Thanh Ngọc,1,Nguyen Trinh Thi
Ute Strub,1,Graziela Kunsch
Uun,1,Agus Nur Amal PMTOH
Uun Unayah,1,Agus Nur Amal PMTOH
Valerie Meyer,1,Sourabh Phadke
Vallery Groenewald,1,MADEYOULOOK
Vân Đỗ,1,Nhà Sàn Collective
Varsha Nair,1,Asia Art Archive
Velia Vidal,1,Más Arte Más Acción
Vera Varlamova,1,*foundation­Class*­collective
Verena Seibt,1,ZK/U – Center for Art and Urbanistics
Veronika Barrera,1,Erick Beltrán
Veronique Poverello,1,Centre d’art Waza
Véronique POVORELLO KASONGO,1,Another Roadmap Africa Cluster (ARAC)
Versia Harris,1,Alice Yard
Victor Chege Gatugi,1,Wajukuu Art Project
Victor Haddad,1,Subversive Film
Victor Santamarina,1,Jimmie Durham & A Stick in the Forest by the Side of the Road
Victoria Lomasko,1,ruanrupa
Victoria Musotto Delrieux,1,Serigrafistas queer
Vidha Saumya,1,Party Office b2b Fadescha
Vidisha-Fadescha,1,Party Office b2b Fadescha
Vienne Chan,1,INLAND
Vinit Dharia,1,Amol K Patil
Viola Sommerfeld,1,Sourabh Phadke
Virginia Buitrón,1,La Intermundial Holobiente
visAvis,1,Trampoline House
Visual Arts Network South Africa VANSA (Johannesburg),1,Arts Collaboratory
Vivian Chan,1,Atis Rezistans | Ghetto Biennale
Vivian Ziherl,1,Richard Bell
Viviane Tabach,1,ZK/U – Center for Art and Urbanistics
Vuth Lyno,1,Sa Sa Art Projects
Wad Maback,1,ook_ [reinaart vanhoe
Wael Yammine,1,Marwa Arsanios
Wajukuu Art Project,1,ruanrupa
Wakaliga Uganda,1,ruanrupa
Wakamatsu Productions,1,Subversive Film
Wakastarz Band,1,Wakaliga Uganda
Walker & Bromwich,1,Más Arte Más Acción
Walter-Lübcke-Schule,1,ook_ [reinaart vanhoe
Wambui Ngombo,1,Wajukuu Art Project
Wambui Ngombo,1,Wajukuu Art Project
Wan Li,1,Cao Minghao & Chen Jianjun
Wanda Nanibush,1,Richard Bell
Wasim Said,1,yasmine eid-sabbagh
Weavers of the Tewok Cultural Centre,1,La Intermundial Holobiente
Wendy Routley,1,Project Art Works
Wesner Bazile,1,Atis Rezistans | Ghetto Biennale
Whit Forrester,1,Atis Rezistans | Ghetto Biennale
Wiiwin,1,Agus Nur Amal PMTOH
Wilerme Tegenis,1,Atis Rezistans | Ghetto Biennale
Will Shepherd,1,Project Art Works
Wiratama,1,Agus Nur Amal PMTOH
Wiratama,1,Agus Nur Amal PMTOH
Wiratama,1,Agus Nur Amal PMTOH
Wissam Saade,1,Marwa Arsanios
Wolfgang Schlegel,1,Fehras Publishing Practices
Womanifesto,1,Asia Art Archive
Wu Kairui 吴凯睿,1,BOLOHO
Wu Wenli 吴文礼,1,BOLOHO
Xie Siyan 谢思堰,1,BOLOHO
Xinyu Chen,1,Sourabh Phadke
Yacouba Magassouba,1,Fondation Festival sur le Niger
Yagoutha Belgacem,1,Siwa plateforme - L'Economat at Redeyef
Yaisa Mariam Quintana,1,Más Arte Más Acción
Yalçın Alay,1,*foundation­Class*­collective
"YALGAAR Sanskrutik Manch,",1,Amol K Patil
Yana Mikhalina,1,Jimmie Durham & A Stick in the Forest by the Side of the Road
Yang Linqing,1,Cao Minghao & Chen Jianjun
Yanyijia Huang,1,Sourabh Phadke
Yao Jui Chung,1,Gudskul
Yasmin Jahan,1,Britto Arts Trust
Yasmine Benabdallah,1,LE 18
yasmine eid-sabbagh,1,ruanrupa
Yasmine Eid-Sabbagh,1,Sourabh Phadke
Yasmine Haj,1,Jumana Emil Abboud
Yasser Ibrahim,1,yasmine eid-sabbagh
Yassine Rachidi,1,LE 18
Yati,1,Agus Nur Amal PMTOH
Yati Sumiati,1,Agus Nur Amal PMTOH
Yaya Coulibaly,1,Fondation Festival sur le Niger
Yayasan Tonjo Foundation,1,Gudskul
Yazan Khalili,1,The Question of Funding
Yazan Salem,1,Jumana Emil Abboud
Yei Moreno,1,Más Arte Más Acción
Yemisi Babatola,1,*foundation­Class*­collective
Yianqian Xu,1,Erick Beltrán
Yifan Li,1,Sourabh Phadke
Yige Chen,1,Sourabh Phadke
Yin Chun,1,Cao Minghao & Chen Jianjun
Yogesh Barve,1,Amol K Patil
Yona Friedman,1,INLAND
Yong Sun Gulach,1,Wajukuu Art Project
Yong Sun Gullach,1,ZK/U – Center for Art and Urbanistics
Yong Sun Gullach (from Oct. 2020–Dec. 2021),1,Trampoline House
You Mi,1,INLAND
Youngsook Choi,1,Nhà Sàn Collective
Yousri Al Amir,1,The Question of Funding
Yu Biao,1,Cao Minghao & Chen Jianjun
Yu Jiahua,1,Cao Minghao & Chen Jianjun
Yuliati Shalihat,1,Jatiwangi art Factory
Yusef Yacoub (Abu Omar),1,Jumana Emil Abboud
Yusuf Mohammad,1,Taring Padi
Yusuf-Pankhurst Hodan,1,Hamja Ahsan
Yuyu Elmi,1,Fehras Publishing Practices
Yvonne Wilheim,1,Más Arte Más Acción
Zachary ROSEN,1,Another Roadmap Africa Cluster (ARAC)
Zahedi Abbas,1,Hamja Ahsan
Zakaria Alilech,1,LE 18
Zakaria Konaté,1,Fondation Festival sur le Niger
Zakia Kadiri,1,LE 18
Zappi W. Diermaier,1,ZK/U – Center for Art and Urbanistics
Zeina Laali,1,Safdar Ahmed
Zeina Nedal,1,Jumana Emil Abboud
Zeinab Mir,1,Safdar Ahmed
Zekeriya Kasaboglu,1,Fehras Publishing Practices
Zemenu Tenagne Zeleke,1,ook_ [reinaart vanhoe
Zen The,1,Sa Sa Art Projects
Zeng Jiahui 曾嘉慧,1,BOLOHO
Zhang Jiayi 禾,1,BOLOHO
Zhang Xuehua,1,Cao Minghao & Chen Jianjun
ZHENGKE 郑可,1,BOLOHO
Zhenwu Hu,1,Sourabh Phadke
Zhou Lai,1,Cao Minghao & Chen Jianjun
Zhou Yufei,1,Cao Minghao & Chen Jianjun
Zhu Dan,1,Cao Minghao & Chen Jianjun
Zhu Jialiang 朱嘉良,1,BOLOHO
Zhu Jianlin 朱建林,1,BOLOHO
Ziad Haj Ali,1,The Question of Funding
Zijin Chen,1,Sourabh Phadke
Ziyuan Shao,1,Sourabh Phadke
ZK/U – Center for Art and Urbanistics,1,ruanrupa
Zoë Cochia,1,ook_ [reinaart vanhoe
Zora Lotta Joest,1,Erick Beltrán
Zumrad Mirzalieva,1,Saodat Ismailova